platform,caller,variant_type,target_depth_x,mean_on_target_depth,F1_mean,F1_std,precision_mean,recall_mean,n_seeds
bgi_dnbseq_t7,deepvariant,INDEL,10,14.51,0.8120783333333333,0.00345340416594018,0.9274246666666667,0.7222540000000001,3
bgi_dnbseq_t7,deepvariant,INDEL,100,137.52666666666667,0.959937,0.002259281080343902,0.9729483333333334,0.947273,3
bgi_dnbseq_t7,deepvariant,INDEL,12,17.393333333333334,0.8376769999999999,0.002392404439052878,0.9341856666666667,0.7592490000000001,3
bgi_dnbseq_t7,deepvariant,INDEL,15,21.69333333333333,0.8647466666666667,0.0010182363838192343,0.9414813333333333,0.7995803333333334,3
bgi_dnbseq_t7,deepvariant,INDEL,150,200.47,0.9643813333333333,0.0011259237688819503,0.975845,0.9531846666666667,3
bgi_dnbseq_t7,deepvariant,INDEL,20,28.84,0.889996,0.0014991187411276126,0.9465560000000001,0.839817,3
bgi_dnbseq_t7,deepvariant,INDEL,200,259.96,0.9670496666666667,0.001835508194842282,0.9765203333333333,0.9577613333333334,3
bgi_dnbseq_t7,deepvariant,INDEL,25,35.943333333333335,0.9071296666666666,0.0025956521980676508,0.9526646666666667,0.8657513333333333,3
bgi_dnbseq_t7,deepvariant,INDEL,30,43.00333333333333,0.9181896666666667,0.0010233280673046167,0.9564013333333333,0.8829136666666667,3
bgi_dnbseq_t7,deepvariant,INDEL,300,369.6166666666666,0.9691420000000001,0.003490082377251325,0.9780130000000001,0.9604313333333333,3
bgi_dnbseq_t7,deepvariant,INDEL,40,57.0,0.9327039999999999,0.0008160631103045585,0.9611596666666666,0.9058923333333334,3
bgi_dnbseq_t7,deepvariant,INDEL,400,468.3533333333333,0.9704133333333335,0.0005024194794525428,0.9784309999999999,0.9625286666666666,3
bgi_dnbseq_t7,deepvariant,INDEL,5,7.273333333333333,0.6775886666666667,0.004060605537765653,0.897749,0.5441456666666666,3
bgi_dnbseq_t7,deepvariant,INDEL,50,70.82,0.940376,0.0014971636517094814,0.9645026666666666,0.9174293333333333,3
bgi_dnbseq_t7,deepvariant,INDEL,60,84.47666666666667,0.9455083333333333,0.000853448494833372,0.9655356666666667,0.9262966666666667,3
bgi_dnbseq_t7,deepvariant,INDEL,75,104.66333333333334,0.9528903333333334,0.0034537979578042935,0.9698663333333334,0.9364986666666667,3
bgi_dnbseq_t7,deepvariant,INDEL,8,11.616666666666665,0.7748906666666667,0.002422977782261597,0.917999,0.6703853333333334,3
bgi_dnbseq_t7,deepvariant,INDEL,full,741.72,0.971235,,0.977739,0.964817,1
bgi_dnbseq_t7,deepvariant,SNV,10,14.51,0.8863686666666667,0.0004899238035994807,0.9069883333333334,0.8666663333333333,3
bgi_dnbseq_t7,deepvariant,SNV,100,137.52666666666667,0.9876556666666666,0.00016365919874343176,0.994713,0.9806976666666666,3
bgi_dnbseq_t7,deepvariant,SNV,12,17.393333333333334,0.9070113333333333,0.0008268520625440474,0.92285,0.8917080000000001,3
bgi_dnbseq_t7,deepvariant,SNV,15,21.69333333333333,0.9277946666666667,0.0007255703503680938,0.9406653333333334,0.9152713333333334,3
bgi_dnbseq_t7,deepvariant,SNV,150,200.47,0.9896343333333334,7.320063752002115e-05,0.996368,0.9829906666666667,3
bgi_dnbseq_t7,deepvariant,SNV,20,28.84,0.9486663333333333,0.0001589727439951277,0.9592933333333334,0.9382726666666666,3
bgi_dnbseq_t7,deepvariant,SNV,200,259.96,0.990568,0.00017156048496085093,0.9972163333333333,0.9840073333333333,3
bgi_dnbseq_t7,deepvariant,SNV,25,35.943333333333335,0.9606876666666667,0.00016216452550829786,0.9704343333333334,0.951136,3
bgi_dnbseq_t7,deepvariant,SNV,30,43.00333333333333,0.96772,0.0006141196951735158,0.9766206666666667,0.9589806666666667,3
bgi_dnbseq_t7,deepvariant,SNV,300,369.6166666666666,0.991253,3.0315012782414464e-05,0.9975756666666666,0.9850096666666667,3
bgi_dnbseq_t7,deepvariant,SNV,40,57.0,0.976128,0.000402838677388366,0.9846096666666666,0.9677916666666667,3
bgi_dnbseq_t7,deepvariant,SNV,400,468.3533333333333,0.991727,0.00015573374714553595,0.997796,0.9857306666666666,3
bgi_dnbseq_t7,deepvariant,SNV,5,7.273333333333333,0.7759983333333333,0.0008300327302783313,0.8415233333333333,0.719944,3
bgi_dnbseq_t7,deepvariant,SNV,50,70.82,0.980274,0.0008256221896242826,0.9882323333333334,0.9724423333333334,3
bgi_dnbseq_t7,deepvariant,SNV,60,84.47666666666667,0.9830173333333333,0.0004992087071890009,0.990563,0.9755856666666666,3
bgi_dnbseq_t7,deepvariant,SNV,75,104.66333333333334,0.9852820000000001,0.0008445377433839461,0.9925083333333333,0.9781599999999999,3
bgi_dnbseq_t7,deepvariant,SNV,8,11.616666666666665,0.8565093333333333,0.0008219515395285926,0.885596,0.8292736666666666,3
bgi_dnbseq_t7,deepvariant,SNV,full,741.72,0.992178,,0.998009,0.986416,1
bgi_dnbseq_t7,gatk4_hc,INDEL,10,14.51,0.7305776666666667,0.001222961296743822,0.7761950000000001,0.6900266666666667,3
bgi_dnbseq_t7,gatk4_hc,INDEL,100,137.52666666666667,0.8426279999999999,1.7349351572900423e-05,0.7959546666666667,0.8951183333333333,3
bgi_dnbseq_t7,gatk4_hc,INDEL,12,17.393333333333334,0.7507866666666666,0.0029510466504840877,0.7782506666666666,0.72521,3
bgi_dnbseq_t7,gatk4_hc,INDEL,15,21.69333333333333,0.7726609999999999,0.0001615023219647546,0.7798243333333333,0.7656369999999999,3
bgi_dnbseq_t7,gatk4_hc,INDEL,150,200.47,0.850253,0.0009247031956254946,0.8027793333333334,0.9036993333333333,3
bgi_dnbseq_t7,gatk4_hc,INDEL,20,28.84,0.7911126666666667,0.002050270307382208,0.7791226666666667,0.80349,3
bgi_dnbseq_t7,gatk4_hc,INDEL,200,259.96,0.854542,0.0017458327525854082,0.807872,0.9069413333333333,3
bgi_dnbseq_t7,gatk4_hc,INDEL,25,35.943333333333335,0.8031326666666666,0.0005527733109813545,0.7797253333333334,0.827994,3
bgi_dnbseq_t7,gatk4_hc,INDEL,30,43.00333333333333,0.8120310000000001,0.0026170000000000117,0.7836293333333334,0.8425816666666667,3
bgi_dnbseq_t7,gatk4_hc,INDEL,300,369.6166666666666,0.8563753333333333,0.00314108935456046,0.8086526666666667,0.9100876666666666,3
bgi_dnbseq_t7,gatk4_hc,INDEL,40,57.0,0.8217976666666668,0.0018776273148133783,0.784684,0.862605,3
bgi_dnbseq_t7,gatk4_hc,INDEL,400,468.3533333333333,0.8583500000000001,0.001581056292482961,0.8108186666666667,0.9118036666666667,3
bgi_dnbseq_t7,gatk4_hc,INDEL,5,7.273333333333333,0.6216590000000001,0.0025855668624113967,0.7720453333333334,0.520309,3
bgi_dnbseq_t7,gatk4_hc,INDEL,50,70.82,0.8293123333333333,0.001916303820727055,0.7881616666666668,0.875,3
bgi_dnbseq_t7,gatk4_hc,INDEL,60,84.47666666666667,0.8353193333333332,0.0013213517069021981,0.7909116666666667,0.8850113333333333,3
bgi_dnbseq_t7,gatk4_hc,INDEL,75,104.66333333333334,0.8382143333333333,0.002182764836928888,0.7929096666666666,0.8890160000000001,3
bgi_dnbseq_t7,gatk4_hc,INDEL,8,11.616666666666665,0.7013393333333333,0.003809491610875867,0.775318,0.6402553333333333,3
bgi_dnbseq_t7,gatk4_hc,INDEL,full,741.72,0.86127,,0.814598,0.913616,1
bgi_dnbseq_t7,gatk4_hc,SNV,10,14.51,0.9079126666666667,0.0008539814595957797,0.968918,0.854135,3
bgi_dnbseq_t7,gatk4_hc,SNV,100,137.52666666666667,0.9802563333333333,0.00037342513752195095,0.981056,0.9794573333333334,3
bgi_dnbseq_t7,gatk4_hc,SNV,12,17.393333333333334,0.924903,0.00012384264209063705,0.9732259999999999,0.8811523333333334,3
bgi_dnbseq_t7,gatk4_hc,SNV,15,21.69333333333333,0.9405443333333333,0.0006337257556177774,0.9767133333333334,0.9069576666666667,3
bgi_dnbseq_t7,gatk4_hc,SNV,150,200.47,0.9813550000000001,0.00013536986370680737,0.9805280000000001,0.9821833333333334,3
bgi_dnbseq_t7,gatk4_hc,SNV,20,28.84,0.9551593333333334,0.0003620501806840179,0.979189,0.9322806666666666,3
bgi_dnbseq_t7,gatk4_hc,SNV,200,259.96,0.9818886666666667,0.0001443687408455875,0.9802513333333334,0.9835316666666666,3
bgi_dnbseq_t7,gatk4_hc,SNV,25,35.943333333333335,0.963342,0.0002193649926492406,0.9808413333333333,0.946456,3
bgi_dnbseq_t7,gatk4_hc,SNV,30,43.00333333333333,0.9679196666666666,0.00031595305558472503,0.9812696666666666,0.9549280000000001,3
bgi_dnbseq_t7,gatk4_hc,SNV,300,369.6166666666666,0.9823316666666667,0.0001770150652722108,0.9800823333333334,0.9845913333333334,3
bgi_dnbseq_t7,gatk4_hc,SNV,40,57.0,0.9730103333333333,0.000423162301408521,0.9815266666666668,0.9646403333333334,3
bgi_dnbseq_t7,gatk4_hc,SNV,400,468.3533333333333,0.98263,0.0001558877801496596,0.9799766666666666,0.9852983333333333,3
bgi_dnbseq_t7,gatk4_hc,SNV,5,7.273333333333333,0.8012046666666667,0.002081457502168436,0.9408903333333333,0.697635,3
bgi_dnbseq_t7,gatk4_hc,SNV,50,70.82,0.9757223333333332,0.000421508402446884,0.9817513333333333,0.9697673333333333,3
bgi_dnbseq_t7,gatk4_hc,SNV,60,84.47666666666667,0.9775933333333334,0.0005747193517998821,0.9818806666666666,0.9733436666666666,3
bgi_dnbseq_t7,gatk4_hc,SNV,75,104.66333333333334,0.978971,0.0003324499962401179,0.9814896666666667,0.9764656666666666,3
bgi_dnbseq_t7,gatk4_hc,SNV,8,11.616666666666665,0.8813646666666667,0.0011277523368778128,0.9618803333333333,0.8132886666666667,3
bgi_dnbseq_t7,gatk4_hc,SNV,full,741.72,0.982914,,0.97965,0.986199,1
genemind_surfseq5000,deepvariant,INDEL,10,14.976666666666667,0.893894,0.00044065065528152783,0.9515133333333333,0.8428683333333332,3
genemind_surfseq5000,deepvariant,INDEL,100,140.74666666666667,0.9823780000000001,0.0032572422384587493,0.9875023333333334,0.9773073333333334,3
genemind_surfseq5000,deepvariant,INDEL,12,17.95,0.9147666666666666,0.003159815395451724,0.9593523333333334,0.874142,3
genemind_surfseq5000,deepvariant,INDEL,15,22.386666666666667,0.9336093333333334,0.0007101136059345629,0.9666593333333333,0.902746,3
genemind_surfseq5000,deepvariant,INDEL,150,204.24666666666667,0.984585,0.0014474007738010835,0.9895283333333333,0.979691,3
genemind_surfseq5000,deepvariant,INDEL,20,29.74,0.9514969999999999,0.0014985796608789131,0.9748323333333334,0.9292526666666667,3
genemind_surfseq5000,deepvariant,INDEL,200,263.70666666666665,0.985486,0.0009052850379852733,0.9909603333333333,0.9800723333333333,3
genemind_surfseq5000,deepvariant,INDEL,25,37.04666666666666,0.9597613333333334,0.0003410078200472064,0.9779696666666666,0.94222,3
genemind_surfseq5000,deepvariant,INDEL,30,44.300000000000004,0.9663616666666667,0.000769689764342291,0.9818303333333334,0.9513729999999999,3
genemind_surfseq5000,deepvariant,INDEL,300,371.78666666666663,0.9847326666666666,0.00046688792373900806,0.98934,0.9801676666666667,3
genemind_surfseq5000,deepvariant,INDEL,40,58.65333333333333,0.9738006666666666,0.0010052414303705186,0.9844426666666667,0.963387,3
genemind_surfseq5000,deepvariant,INDEL,400,467.31,0.9855443333333334,0.0007052477106189796,0.990202,0.9809303333333333,3
genemind_surfseq5000,deepvariant,INDEL,5,7.510000000000001,0.7711193333333334,0.004380379245377412,0.9057483333333334,0.6713386666666666,3
genemind_surfseq5000,deepvariant,INDEL,50,72.81666666666666,0.9777323333333333,0.0005150896362122417,0.9870066666666667,0.9686306666666668,3
genemind_surfseq5000,deepvariant,INDEL,60,86.77,0.9797743333333333,0.0008068558318146811,0.9879060000000001,0.9717773333333334,3
genemind_surfseq5000,deepvariant,INDEL,75,107.36000000000001,0.9819230000000001,0.0008962527545285881,0.988436,0.9754956666666666,3
genemind_surfseq5000,deepvariant,INDEL,8,12.0,0.8621639999999999,0.002488958818462044,0.9381613333333334,0.7975783333333334,3
genemind_surfseq5000,deepvariant,INDEL,full,687.37,0.983772,,0.988761,0.978833,1
genemind_surfseq5000,deepvariant,SNV,10,14.976666666666667,0.9503053333333332,3.5118845843048825e-06,0.9811653333333332,0.9213279999999999,3
genemind_surfseq5000,deepvariant,SNV,100,140.74666666666667,0.9920446666666667,6.683063169932936e-05,0.9978406666666667,0.9863146666666666,3
genemind_surfseq5000,deepvariant,SNV,12,17.95,0.9630996666666666,0.0003500490441828757,0.9865186666666667,0.9407673333333334,3
genemind_surfseq5000,deepvariant,SNV,15,22.386666666666667,0.9733299999999999,0.0004993185356062553,0.9905996666666667,0.9566516666666667,3
genemind_surfseq5000,deepvariant,SNV,150,204.24666666666667,0.9923833333333333,5.644761583383696e-05,0.997915,0.9869133333333333,3
genemind_surfseq5000,deepvariant,SNV,20,29.74,0.9817459999999999,0.00039883204485103777,0.9941233333333334,0.9696733333333333,3
genemind_surfseq5000,deepvariant,SNV,200,263.70666666666665,0.9924393333333333,8.329065573840422e-05,0.9977843333333333,0.9871513333333333,3
genemind_surfseq5000,deepvariant,SNV,25,37.04666666666666,0.9855093333333333,0.00020599352740641768,0.995629,0.9755933333333333,3
genemind_surfseq5000,deepvariant,SNV,30,44.300000000000004,0.987645,0.00024439108003362247,0.9964406666666666,0.9790033333333333,3
genemind_surfseq5000,deepvariant,SNV,300,371.78666666666663,0.9926323333333333,8.259136355172546e-05,0.9978579999999999,0.987461,3
genemind_surfseq5000,deepvariant,SNV,40,58.65333333333333,0.9896976666666667,0.00020765917589489458,0.9973056666666666,0.982205,3
genemind_surfseq5000,deepvariant,SNV,400,467.31,0.9927893333333334,0.0002208219493921368,0.9978513333333333,0.9877783333333333,3
genemind_surfseq5000,deepvariant,SNV,5,7.510000000000001,0.8564570000000001,0.0009678724089465429,0.9423803333333334,0.7848946666666666,3
genemind_surfseq5000,deepvariant,SNV,50,72.81666666666666,0.9905313333333333,0.00017537483665953837,0.9975793333333334,0.9835820000000001,3
genemind_surfseq5000,deepvariant,SNV,60,86.77,0.9910546666666668,4.214656965088483e-05,0.997626,0.9845703333333334,3
genemind_surfseq5000,deepvariant,SNV,75,107.36000000000001,0.9916456666666668,6.132971003791697e-05,0.997861,0.9855073333333334,3
genemind_surfseq5000,deepvariant,SNV,8,12.0,0.9292656666666668,0.0005069579206731868,0.9729066666666667,0.8893719999999999,3
genemind_surfseq5000,deepvariant,SNV,full,687.37,0.993054,,0.998055,0.988103,1
genemind_surfseq5000,gatk4_hc,INDEL,10,14.976666666666667,0.8170586666666667,0.0010272800656750424,0.8271676666666666,0.8072086666666666,3
genemind_surfseq5000,gatk4_hc,INDEL,100,140.74666666666667,0.9192733333333333,0.00022281457163599751,0.8972476666666666,0.9424103333333332,3
genemind_surfseq5000,gatk4_hc,INDEL,12,17.95,0.8361606666666667,0.002771540065258524,0.8361329999999999,0.8361936666666666,3
genemind_surfseq5000,gatk4_hc,INDEL,15,22.386666666666667,0.85969,0.002306509917602768,0.8527993333333334,0.8667046666666667,3
genemind_surfseq5000,gatk4_hc,INDEL,150,204.24666666666667,0.9193003333333333,0.0011447341758387506,0.89782,0.9418383333333332,3
genemind_surfseq5000,gatk4_hc,INDEL,20,29.74,0.8745850000000001,0.00034552568645468304,0.8605309999999999,0.8891113333333333,3
genemind_surfseq5000,gatk4_hc,INDEL,200,263.70666666666665,0.9209200000000001,0.0014820975001665559,0.899438,0.9434593333333333,3
genemind_surfseq5000,gatk4_hc,INDEL,25,37.04666666666666,0.8871773333333334,0.003678674534847236,0.869925,0.9051300000000001,3
genemind_surfseq5000,gatk4_hc,INDEL,30,44.300000000000004,0.8955113333333333,0.0014703857770439908,0.8763566666666667,0.9155226666666666,3
genemind_surfseq5000,gatk4_hc,INDEL,300,371.78666666666663,0.9219166666666667,0.0019476576530112683,0.9007296666666668,0.9441266666666666,3
genemind_surfseq5000,gatk4_hc,INDEL,40,58.65333333333333,0.9053383333333334,0.0008986842233695603,0.885747,0.92582,3
genemind_surfseq5000,gatk4_hc,INDEL,400,467.31,0.9212623333333333,0.001885766775964921,0.901131,0.9423153333333333,3
genemind_surfseq5000,gatk4_hc,INDEL,5,7.510000000000001,0.7002303333333334,0.0014232780239058639,0.7660486666666667,0.6448323333333333,3
genemind_surfseq5000,gatk4_hc,INDEL,50,72.81666666666666,0.9096453333333333,0.002693337396861661,0.889974,0.9302060000000001,3
genemind_surfseq5000,gatk4_hc,INDEL,60,86.77,0.911489,0.001461158102328419,0.8902800000000001,0.9337336666666666,3
genemind_surfseq5000,gatk4_hc,INDEL,75,107.36000000000001,0.9166176666666667,0.004027547930606563,0.8947893333333333,0.9395496666666666,3
genemind_surfseq5000,gatk4_hc,INDEL,8,12.0,0.7868693333333333,0.005814390882399776,0.8112443333333333,0.7639206666666666,3
genemind_surfseq5000,gatk4_hc,INDEL,full,687.37,0.922185,,0.902459,0.942792,1
genemind_surfseq5000,gatk4_hc,SNV,10,14.976666666666667,0.9401436666666667,0.0003702625194822182,0.9706373333333334,0.911508,3
genemind_surfseq5000,gatk4_hc,SNV,100,140.74666666666667,0.9813876666666667,0.0002191285771717877,0.9786739999999999,0.9841153333333333,3
genemind_surfseq5000,gatk4_hc,SNV,12,17.95,0.9526753333333332,0.0007506625961997132,0.9741083333333332,0.932165,3
genemind_surfseq5000,gatk4_hc,SNV,15,22.386666666666667,0.9631386666666667,0.0005831031926969131,0.9768403333333332,0.9498163333333333,3
genemind_surfseq5000,gatk4_hc,SNV,150,204.24666666666667,0.9817589999999999,0.00014007497992151656,0.9781806666666667,0.985363,3
genemind_surfseq5000,gatk4_hc,SNV,20,29.74,0.9715726666666668,0.0006975574050451744,0.978561,0.9646836666666667,3
genemind_surfseq5000,gatk4_hc,SNV,200,263.70666666666665,0.9818573333333332,0.00014771707190882968,0.9780003333333335,0.9857453333333334,3
genemind_surfseq5000,gatk4_hc,SNV,25,37.04666666666666,0.9752183333333333,0.00010752829085097378,0.9791876666666667,0.9712813333333333,3
genemind_surfseq5000,gatk4_hc,SNV,30,44.300000000000004,0.9772246666666667,0.0001342472842680496,0.9792623333333333,0.9751963333333333,3
genemind_surfseq5000,gatk4_hc,SNV,300,371.78666666666663,0.9818486666666667,0.00017848342593457383,0.977487,0.9862500000000001,3
genemind_surfseq5000,gatk4_hc,SNV,40,58.65333333333333,0.9793363333333334,0.00034322344519765015,0.979749,0.978924,3
genemind_surfseq5000,gatk4_hc,SNV,400,467.31,0.9819733333333334,0.00022814980458750193,0.9774786666666667,0.9865093333333333,3
genemind_surfseq5000,gatk4_hc,SNV,5,7.510000000000001,0.8478263333333333,0.0014130425801557878,0.9436019999999999,0.7697023333333334,3
genemind_surfseq5000,gatk4_hc,SNV,50,72.81666666666666,0.9801923333333334,0.00014743247041728644,0.9796806666666668,0.9807053333333333,3
genemind_surfseq5000,gatk4_hc,SNV,60,86.77,0.9806483333333333,0.0001899640316832121,0.9791186666666668,0.982183,3
genemind_surfseq5000,gatk4_hc,SNV,75,107.36000000000001,0.9812803333333333,7.934943814127961e-05,0.9792886666666667,0.9832793333333333,3
genemind_surfseq5000,gatk4_hc,SNV,8,12.0,0.9193923333333333,0.00038018460428234773,0.9652366666666666,0.8777056666666666,3
genemind_surfseq5000,gatk4_hc,SNV,full,687.37,0.982216,,0.977627,0.986848,1
illumina_novaseq6000,deepvariant,INDEL,10,15.663333333333334,0.8181006666666667,0.0031443564259373592,0.9354343333333333,0.7269260000000001,3
illumina_novaseq6000,deepvariant,INDEL,100,144.78,0.9639816666666666,0.0007622108194806366,0.979762,0.9487033333333333,3
illumina_novaseq6000,deepvariant,INDEL,12,18.763333333333335,0.8427436666666667,0.0028976656696957587,0.942028,0.762395,3
illumina_novaseq6000,deepvariant,INDEL,15,23.386666666666667,0.8675269999999999,0.006466140347997362,0.9493126666666667,0.7987223333333334,3
illumina_novaseq6000,deepvariant,INDEL,150,208.41,0.9711346666666666,0.00018126316044173935,0.982681,0.9598586666666667,3
illumina_novaseq6000,deepvariant,INDEL,20,31.040000000000003,0.8939349999999999,0.0024467055401089744,0.9549,0.8402936666666667,3
illumina_novaseq6000,deepvariant,INDEL,200,267.09,0.973402,0.0022355605561021987,0.9831326666666667,0.9638633333333333,3
illumina_novaseq6000,deepvariant,INDEL,25,38.626666666666665,0.9106333333333333,0.0024067185820808054,0.9610110000000001,0.8652746666666666,3
illumina_novaseq6000,deepvariant,INDEL,30,46.14666666666667,0.9205800000000001,0.0019979431923855804,0.9626236666666667,0.8820556666666667,3
illumina_novaseq6000,deepvariant,INDEL,300,371.67333333333335,0.9761313333333334,0.0006811184429549395,0.9844383333333333,0.967963,3
illumina_novaseq6000,deepvariant,INDEL,40,60.98666666666667,0.9359013333333334,0.002461097587121081,0.9696136666666666,0.9044623333333334,3
illumina_novaseq6000,deepvariant,INDEL,400,462.03,0.9767610000000001,0.0008611323940022202,0.9850289999999999,0.9686306666666668,3
illumina_novaseq6000,deepvariant,INDEL,5,7.863333333333333,0.692025,0.002266115839934024,0.9103623333333334,0.5581616666666666,3
illumina_novaseq6000,deepvariant,INDEL,50,75.56,0.9451999999999999,0.0028987754311087938,0.9722496666666666,0.9196226666666667,3
illumina_novaseq6000,deepvariant,INDEL,60,89.88,0.9512843333333333,0.0007070292308903535,0.9742860000000001,0.9293476666666667,3
illumina_novaseq6000,deepvariant,INDEL,75,110.90666666666668,0.9579843333333334,0.0004943908710052592,0.9781903333333334,0.9385963333333334,3
illumina_novaseq6000,deepvariant,INDEL,8,12.549999999999999,0.7858196666666667,0.003860245372166512,0.9293686666666666,0.6806823333333334,3
illumina_novaseq6000,deepvariant,INDEL,full,627.23,0.979863,,0.986709,0.973112,1
illumina_novaseq6000,deepvariant,SNV,10,15.663333333333334,0.9228866666666667,0.001077993661082172,0.9782446666666665,0.8734586666666667,3
illumina_novaseq6000,deepvariant,SNV,100,144.78,0.9885449999999999,0.0002407633693068746,0.99757,0.9796809999999999,3
illumina_novaseq6000,deepvariant,SNV,12,18.763333333333335,0.9373303333333333,0.0007756296367038365,0.9825740000000001,0.8960706666666667,3
illumina_novaseq6000,deepvariant,SNV,15,23.386666666666667,0.9512846666666667,0.0012024143767160097,0.9867353333333333,0.9182929999999999,3
illumina_novaseq6000,deepvariant,SNV,150,208.41,0.989993,0.000196237101486959,0.9978756666666667,0.9822336666666667,3
illumina_novaseq6000,deepvariant,SNV,20,31.040000000000003,0.9645429999999999,0.00010513324878454177,0.9908153333333334,0.939628,3
illumina_novaseq6000,deepvariant,SNV,200,267.09,0.9906523333333332,5.501211987677301e-05,0.9979659999999999,0.983445,3
illumina_novaseq6000,deepvariant,SNV,25,38.626666666666665,0.9717926666666666,0.0004541853512976516,0.9933359999999999,0.9511646666666667,3
illumina_novaseq6000,deepvariant,SNV,30,46.14666666666667,0.976047,0.0004103985867421528,0.9943443333333333,0.958411,3
illumina_novaseq6000,deepvariant,SNV,300,371.67333333333335,0.9912886666666667,8.787680771019716e-05,0.9981216666666667,0.9845483333333332,3
illumina_novaseq6000,deepvariant,SNV,40,60.98666666666667,0.9809610000000001,0.00027193381547729976,0.9956776666666666,0.9666736666666665,3
illumina_novaseq6000,deepvariant,SNV,400,462.03,0.991545,0.0001536261696456674,0.9980713333333333,0.9851036666666667,3
illumina_novaseq6000,deepvariant,SNV,5,7.863333333333333,0.8276623333333334,0.0017415832834904372,0.9467043333333334,0.7352150000000001,3
illumina_novaseq6000,deepvariant,SNV,50,75.56,0.9835486666666666,0.0001740239447126052,0.9962133333333334,0.971202,3
illumina_novaseq6000,deepvariant,SNV,60,89.88,0.9854556666666667,8.953397865243468e-05,0.9967766666666668,0.9743886666666667,3
illumina_novaseq6000,deepvariant,SNV,75,110.90666666666668,0.9869766666666666,0.00016921386861997579,0.99713,0.9770280000000001,3
illumina_novaseq6000,deepvariant,SNV,8,12.549999999999999,0.8989539999999999,0.0016233228267969733,0.9703916666666667,0.8373136666666667,3
illumina_novaseq6000,deepvariant,SNV,full,627.23,0.992034,,0.99827,0.985875,1
illumina_novaseq6000,gatk4_hc,INDEL,10,15.663333333333334,0.7484670000000001,0.0011242495274626397,0.8086720000000001,0.6966053333333333,3
illumina_novaseq6000,gatk4_hc,INDEL,100,144.78,0.862622,0.0031336386198794245,0.8314176666666667,0.8962623333333334,3
illumina_novaseq6000,gatk4_hc,INDEL,12,18.763333333333335,0.769272,0.0038985993638741487,0.8131726666666667,0.7298816666666667,3
illumina_novaseq6000,gatk4_hc,INDEL,15,23.386666666666667,0.7886403333333334,0.0013711620375919892,0.8173116666666665,0.7619183333333334,3
illumina_novaseq6000,gatk4_hc,INDEL,150,208.41,0.8704963333333332,0.0018295792776847014,0.8385036666666666,0.905034,3
illumina_novaseq6000,gatk4_hc,INDEL,20,31.040000000000003,0.8107850000000001,0.005200977504277458,0.8195093333333333,0.8022503333333333,3
illumina_novaseq6000,gatk4_hc,INDEL,200,267.09,0.8733633333333334,0.0004762460848483809,0.8407923333333334,0.9085623333333332,3
illumina_novaseq6000,gatk4_hc,INDEL,25,38.626666666666665,0.8227146666666667,0.0031997366037431222,0.8198476666666666,0.8256103333333332,3
illumina_novaseq6000,gatk4_hc,INDEL,30,46.14666666666667,0.8315440000000001,0.002191602381820211,0.8203423333333334,0.8430586666666667,3
illumina_novaseq6000,gatk4_hc,INDEL,300,371.67333333333335,0.8772989999999999,0.0017970083472259612,0.84482,0.9123760000000001,3
illumina_novaseq6000,gatk4_hc,INDEL,40,60.98666666666667,0.840755,0.0026104001608948527,0.8197313333333334,0.862891,3
illumina_novaseq6000,gatk4_hc,INDEL,400,462.03,0.8794943333333333,0.0006537410292565072,0.846358,0.9153319999999999,3
illumina_novaseq6000,gatk4_hc,INDEL,5,7.863333333333333,0.632155,0.010885779668907511,0.7805876666666666,0.5311783333333333,3
illumina_novaseq6000,gatk4_hc,INDEL,50,75.56,0.8470443333333333,0.0026575133740648535,0.8226866666666667,0.8729026666666666,3
illumina_novaseq6000,gatk4_hc,INDEL,60,89.88,0.8518166666666667,0.0042299929471966416,0.8241723333333333,0.881388,3
illumina_novaseq6000,gatk4_hc,INDEL,75,110.90666666666668,0.8556023333333332,0.00495538256175374,0.8255153333333333,0.8879670000000001,3
illumina_novaseq6000,gatk4_hc,INDEL,8,12.549999999999999,0.7174406666666666,0.0029656625454244517,0.8025683333333333,0.6486463333333333,3
illumina_novaseq6000,gatk4_hc,INDEL,full,627.23,0.881802,,0.849656,0.916476,1
illumina_novaseq6000,gatk4_hc,SNV,10,15.663333333333334,0.9133420000000001,0.0010274302896060529,0.9692080000000001,0.8635663333333333,3
illumina_novaseq6000,gatk4_hc,SNV,100,144.78,0.9791896666666666,0.00047642872849281765,0.9805990000000001,0.977785,3
illumina_novaseq6000,gatk4_hc,SNV,12,18.763333333333335,0.928238,0.000664399729078768,0.9728216666666666,0.887562,3
illumina_novaseq6000,gatk4_hc,SNV,15,23.386666666666667,0.9423036666666667,0.0008825448052837361,0.9757003333333333,0.9111183333333334,3
illumina_novaseq6000,gatk4_hc,SNV,150,208.41,0.980429,0.00027823012058366336,0.9801603333333334,0.9806976666666666,3
illumina_novaseq6000,gatk4_hc,SNV,20,31.040000000000003,0.9556513333333334,0.0002342356363436839,0.9785636666666667,0.9337873333333334,3
illumina_novaseq6000,gatk4_hc,SNV,200,267.09,0.9810083333333334,0.0002780437615436776,0.9798640000000001,0.9821543333333334,3
illumina_novaseq6000,gatk4_hc,SNV,25,38.626666666666665,0.9626746666666667,0.0004514668684780507,0.9798526666666666,0.9460886666666667,3
illumina_novaseq6000,gatk4_hc,SNV,30,46.14666666666667,0.966863,0.0006636768792115282,0.980331,0.9537599999999999,3
illumina_novaseq6000,gatk4_hc,SNV,300,371.67333333333335,0.981519,2.7513632984381367e-05,0.9794360000000001,0.9836110000000001,3
illumina_novaseq6000,gatk4_hc,SNV,40,60.98666666666667,0.9718363333333334,0.0005340471265097588,0.9807269999999999,0.9631046666666666,3
illumina_novaseq6000,gatk4_hc,SNV,400,462.03,0.981826,6.114736298485528e-05,0.9792900000000001,0.984375,3
illumina_novaseq6000,gatk4_hc,SNV,5,7.863333333333333,0.8163666666666667,0.001676192212526102,0.9410636666666666,0.7208523333333333,3
illumina_novaseq6000,gatk4_hc,SNV,50,75.56,0.9745986666666667,0.000328061477978361,0.9810203333333334,0.96826,3
illumina_novaseq6000,gatk4_hc,SNV,60,89.88,0.9761786666666666,0.0003919774653386677,0.9807143333333332,0.9716849999999999,3
illumina_novaseq6000,gatk4_hc,SNV,75,110.90666666666668,0.9777743333333334,0.0004982111332892823,0.9806213333333332,0.9749439999999999,3
illumina_novaseq6000,gatk4_hc,SNV,8,12.549999999999999,0.8892066666666666,0.001737500023980832,0.9628106666666666,0.8260580000000001,3
illumina_novaseq6000,gatk4_hc,SNV,full,627.23,0.982211,,0.979065,0.985377,1
