sample,reference,caller_pair,target_depth_x,seed,variant_type,CPU_F1,GPU_F1,abs_delta_F1
ZY_Illumina_NA12878,grch38,gatk4_hc,15,42,INDEL,0.787059,0.787365,0.00030600000000002847
ZY_Illumina_NA12878,grch38,gatk4_hc,15,42,SNV,0.941289,0.94112,0.00016900000000008575
ZY_Illumina_NA12878,grch38,gatk4_hc,15,43,INDEL,0.789363,0.788736,0.0006270000000000442
ZY_Illumina_NA12878,grch38,gatk4_hc,15,43,SNV,0.942893,0.942733,0.00015999999999993797
ZY_Illumina_NA12878,grch38,gatk4_hc,15,44,INDEL,0.789499,0.789578,7.900000000005125e-05
ZY_Illumina_NA12878,grch38,gatk4_hc,15,44,SNV,0.942729,0.942513,0.00021599999999999397
ZY_Illumina_NA12878,grch38,gatk4_hc,30,42,INDEL,0.830864,0.8304,0.00046400000000001995
ZY_Illumina_NA12878,grch38,gatk4_hc,30,42,SNV,0.967266,0.966807,0.0004589999999999872
ZY_Illumina_NA12878,grch38,gatk4_hc,30,43,INDEL,0.829773,0.829285,0.00048799999999993293
ZY_Illumina_NA12878,grch38,gatk4_hc,30,43,SNV,0.966097,0.965941,0.00015599999999993397
ZY_Illumina_NA12878,grch38,gatk4_hc,30,44,INDEL,0.833995,0.834159,0.00016399999999994197
ZY_Illumina_NA12878,grch38,gatk4_hc,30,44,SNV,0.967226,0.967159,6.700000000003925e-05
ZY_Illumina_NA12878,grch38,gatk4_hc,50,42,INDEL,0.845301,0.844636,0.0006649999999999157
ZY_Illumina_NA12878,grch38,gatk4_hc,50,42,SNV,0.974813,0.974411,0.00040200000000001346
ZY_Illumina_NA12878,grch38,gatk4_hc,50,43,INDEL,0.845729,0.844135,0.0015939999999999843
ZY_Illumina_NA12878,grch38,gatk4_hc,50,43,SNV,0.974221,0.973799,0.00042200000000003346
ZY_Illumina_NA12878,grch38,gatk4_hc,50,44,INDEL,0.850103,0.849482,0.0006210000000000937
ZY_Illumina_NA12878,grch38,gatk4_hc,50,44,SNV,0.974762,0.974408,0.00035399999999996545
ZY_Illumina_NA12878,grch38,deepvariant,15,42,INDEL,0.860146,0.861217,0.0010710000000000441
ZY_Illumina_NA12878,grch38,deepvariant,15,42,SNV,0.949901,0.949993,9.199999999998099e-05
ZY_Illumina_NA12878,grch38,gatk4_hc,full,0,INDEL,0.881802,0.88189,8.799999999997699e-05
ZY_Illumina_NA12878,grch38,gatk4_hc,full,0,SNV,0.982211,0.982057,0.00015399999999998748
ZY_Illumina_NA12878,grch38,deepvariant,15,43,INDEL,0.870242,0.871969,0.001727000000000034
ZY_Illumina_NA12878,grch38,deepvariant,15,43,SNV,0.952076,0.95211,3.399999999997849e-05
ZY_Illumina_NA12878,grch38,deepvariant,15,44,INDEL,0.872193,0.871747,0.00044599999999994644
ZY_Illumina_NA12878,grch38,deepvariant,15,44,SNV,0.951877,0.951869,8.000000000008e-06
ZY_Illumina_NA12878,grch38,deepvariant,30,42,INDEL,0.919417,0.919861,0.00044399999999999995
ZY_Illumina_NA12878,grch38,deepvariant,30,42,SNV,0.976416,0.976426,1.0000000000065512e-05
ZY_Illumina_NA12878,grch38,deepvariant,30,43,INDEL,0.919436,0.919866,0.00042999999999993044
ZY_Illumina_NA12878,grch38,deepvariant,30,43,SNV,0.975605,0.975506,9.900000000007125e-05
ZY_Illumina_NA12878,grch38,deepvariant,30,44,INDEL,0.922887,0.923346,0.0004589999999999872
ZY_Illumina_NA12878,grch38,deepvariant,30,44,SNV,0.97612,0.976075,4.499999999996174e-05
ZY_Illumina_NA12878,grch38,deepvariant,50,42,INDEL,0.941855,0.941699,0.000156000000000045
ZY_Illumina_NA12878,grch38,deepvariant,50,42,SNV,0.983721,0.983732,1.1000000000094268e-05
ZY_Illumina_NA12878,grch38,deepvariant,50,43,INDEL,0.946767,0.947089,0.00032199999999993345
ZY_Illumina_NA12878,grch38,deepvariant,50,43,SNV,0.983552,0.983529,2.2999999999995246e-05
ZY_Illumina_NA12878,grch38,deepvariant,50,44,INDEL,0.946978,0.946692,0.00028600000000000847
ZY_Illumina_NA12878,grch38,deepvariant,50,44,SNV,0.983373,0.983327,4.6000000000101515e-05
ZY_BGI_NA12878,grch38,gatk4_hc,15,42,INDEL,0.77266,0.773569,0.0009089999999999376
ZY_BGI_NA12878,grch38,gatk4_hc,15,42,SNV,0.940041,0.939989,5.2000000000052005e-05
ZY_Illumina_NA12878,grch38,deepvariant,full,0,INDEL,0.979863,0.98001,0.00014700000000000824
ZY_Illumina_NA12878,grch38,deepvariant,full,0,SNV,0.992034,0.992056,2.2000000000077513e-05
ZY_BGI_NA12878,grch38,gatk4_hc,15,44,INDEL,0.772823,0.773223,0.00039999999999995595
ZY_BGI_NA12878,grch38,gatk4_hc,15,44,SNV,0.941256,0.941001,0.0002550000000000052
ZY_BGI_NA12878,grch38,gatk4_hc,15,43,INDEL,0.7725,0.772454,4.599999999999049e-05
ZY_BGI_NA12878,grch38,gatk4_hc,15,43,SNV,0.940336,0.940235,0.00010099999999990672
ZY_BGI_NA12878,grch38,gatk4_hc,30,43,INDEL,0.809574,0.809842,0.00026799999999993496
ZY_BGI_NA12878,grch38,gatk4_hc,30,43,SNV,0.967754,0.967587,0.00016700000000002824
ZY_BGI_NA12878,grch38,gatk4_hc,30,42,INDEL,0.814783,0.814783,0.0
ZY_BGI_NA12878,grch38,gatk4_hc,30,42,SNV,0.967721,0.967509,0.000212000000000101
ZY_BGI_NA12878,grch38,gatk4_hc,30,44,INDEL,0.811736,0.811848,0.00011200000000000099
ZY_BGI_NA12878,grch38,gatk4_hc,30,44,SNV,0.968284,0.967977,0.00030700000000005723
ZY_BGI_NA12878,grch38,gatk4_hc,50,42,INDEL,0.829772,0.829838,6.60000000000105e-05
ZY_BGI_NA12878,grch38,gatk4_hc,50,42,SNV,0.975473,0.975276,0.00019700000000000273
ZY_BGI_NA12878,grch38,gatk4_hc,50,43,INDEL,0.827208,0.827591,0.0003829999999999112
ZY_BGI_NA12878,grch38,gatk4_hc,50,43,SNV,0.975485,0.975253,0.00023200000000000998
ZY_BGI_NA12878,grch38,gatk4_hc,50,44,INDEL,0.830957,0.830733,0.00022399999999989095
ZY_BGI_NA12878,grch38,gatk4_hc,50,44,SNV,0.976209,0.975926,0.0002830000000000332
ZY_BGI_NA12878,grch38,deepvariant,15,42,INDEL,0.865132,0.865566,0.00043399999999993444
ZY_BGI_NA12878,grch38,deepvariant,15,42,SNV,0.927075,0.927388,0.0003130000000000077
ZY_BGI_NA12878,grch38,gatk4_hc,full,0,INDEL,0.86127,0.861386,0.00011600000000000499
ZY_BGI_NA12878,grch38,gatk4_hc,full,0,SNV,0.982914,0.982749,0.00016499999999997073
ZY_BGI_NA12878,grch38,deepvariant,15,44,INDEL,0.863592,0.864029,0.0004370000000000207
ZY_BGI_NA12878,grch38,deepvariant,15,44,SNV,0.928526,0.928632,0.0001060000000000505
ZY_BGI_NA12878,grch38,deepvariant,15,43,INDEL,0.865516,0.864573,0.0009429999999999161
ZY_BGI_NA12878,grch38,deepvariant,15,43,SNV,0.927783,0.927922,0.00013900000000000023
ZY_BGI_NA12878,grch38,deepvariant,30,42,INDEL,0.918365,0.919923,0.0015580000000000593
ZY_BGI_NA12878,grch38,deepvariant,30,42,SNV,0.967319,0.967288,3.100000000000325e-05
ZY_BGI_NA12878,grch38,deepvariant,30,43,INDEL,0.919114,0.919935,0.0008209999999999607
ZY_BGI_NA12878,grch38,deepvariant,30,43,SNV,0.967414,0.967591,0.00017699999999998273
ZY_BGI_NA12878,grch38,deepvariant,30,44,INDEL,0.91709,0.91743,0.00034000000000000696
ZY_BGI_NA12878,grch38,deepvariant,30,44,SNV,0.968427,0.968569,0.00014199999999997548
ZY_BGI_NA12878,grch38,deepvariant,50,42,INDEL,0.938718,0.939972,0.0012539999999999774
ZY_BGI_NA12878,grch38,deepvariant,50,42,SNV,0.97993,0.979996,6.60000000000105e-05
ZY_BGI_NA12878,grch38,deepvariant,50,43,INDEL,0.941629,0.941583,4.6000000000101515e-05
ZY_BGI_NA12878,grch38,deepvariant,50,43,SNV,0.979676,0.979788,0.00011200000000000099
ZY_BGI_NA12878,grch38,deepvariant,50,44,INDEL,0.940781,0.94183,0.0010489999999999666
ZY_BGI_NA12878,grch38,deepvariant,50,44,SNV,0.981216,0.981313,9.700000000001374e-05
ZY_GeneMind_NA12878,grch38,gatk4_hc,15,42,INDEL,0.857656,0.858382,0.0007260000000000044
ZY_GeneMind_NA12878,grch38,gatk4_hc,15,42,SNV,0.962562,0.961955,0.0006070000000000242
ZY_BGI_NA12878,grch38,deepvariant,full,0,INDEL,0.971235,0.97199,0.0007550000000000612
ZY_BGI_NA12878,grch38,deepvariant,full,0,SNV,0.992178,0.992232,5.3999999999998494e-05
ZY_GeneMind_NA12878,grch38,gatk4_hc,15,43,INDEL,0.862196,0.862353,0.00015700000000007375
ZY_GeneMind_NA12878,grch38,gatk4_hc,15,43,SNV,0.963728,0.963416,0.00031199999999997896
ZY_GeneMind_NA12878,grch38,gatk4_hc,15,44,INDEL,0.859218,0.859377,0.00015899999999990921
ZY_GeneMind_NA12878,grch38,gatk4_hc,15,44,SNV,0.963126,0.962845,0.00028100000000008674
ZY_GeneMind_NA12878,grch38,gatk4_hc,30,42,INDEL,0.896597,0.895972,0.0006249999999999867
ZY_GeneMind_NA12878,grch38,gatk4_hc,30,42,SNV,0.97707,0.976908,0.00016199999999999548
ZY_GeneMind_NA12878,grch38,gatk4_hc,30,43,INDEL,0.893838,0.894646,0.0008080000000000309
ZY_GeneMind_NA12878,grch38,gatk4_hc,30,43,SNV,0.977293,0.977189,0.00010399999999999299
ZY_GeneMind_NA12878,grch38,gatk4_hc,30,44,INDEL,0.896099,0.895473,0.0006260000000000154
ZY_GeneMind_NA12878,grch38,gatk4_hc,30,44,SNV,0.977311,0.977056,0.0002550000000000052
ZY_GeneMind_NA12878,grch38,gatk4_hc,50,42,INDEL,0.912475,0.913387,0.0009119999999999129
ZY_GeneMind_NA12878,grch38,gatk4_hc,50,42,SNV,0.980088,0.979866,0.00022199999999994446
ZY_GeneMind_NA12878,grch38,gatk4_hc,50,43,INDEL,0.907113,0.907493,0.00038000000000004697
ZY_GeneMind_NA12878,grch38,gatk4_hc,50,43,SNV,0.980128,0.980015,0.00011300000000002974
ZY_GeneMind_NA12878,grch38,gatk4_hc,50,44,INDEL,0.909348,0.908688,0.0006599999999999939
ZY_GeneMind_NA12878,grch38,gatk4_hc,50,44,SNV,0.980361,0.980206,0.00015500000000001624
ZY_GeneMind_NA12878,grch38,deepvariant,15,42,INDEL,0.93324,0.933924,0.0006840000000000179
ZY_GeneMind_NA12878,grch38,deepvariant,15,42,SNV,0.972948,0.972807,0.00014100000000005775
ZY_GeneMind_NA12878,grch38,gatk4_hc,full,0,INDEL,0.922185,0.922176,9.000000000036756e-06
ZY_GeneMind_NA12878,grch38,gatk4_hc,full,0,SNV,0.982216,0.982091,0.00012499999999993072
ZY_GeneMind_NA12878,grch38,deepvariant,15,44,INDEL,0.93316,0.932905,0.0002550000000000052
ZY_GeneMind_NA12878,grch38,deepvariant,15,44,SNV,0.973147,0.973073,7.40000000000185e-05
ZY_GeneMind_NA12878,grch38,deepvariant,15,43,INDEL,0.934428,0.93354,0.0008879999999999999
ZY_GeneMind_NA12878,grch38,deepvariant,15,43,SNV,0.973895,0.97394,4.500000000007276e-05
ZY_GeneMind_NA12878,grch38,deepvariant,30,42,INDEL,0.96721,0.96678,0.00043000000000004146
ZY_GeneMind_NA12878,grch38,deepvariant,30,42,SNV,0.987482,0.987482,0.0
ZY_GeneMind_NA12878,grch38,deepvariant,30,43,INDEL,0.965708,0.966149,0.0004410000000000247
ZY_GeneMind_NA12878,grch38,deepvariant,30,43,SNV,0.987926,0.988036,0.0001100000000000545
ZY_GeneMind_NA12878,grch38,deepvariant,30,44,INDEL,0.966167,0.966324,0.00015699999999996272
ZY_GeneMind_NA12878,grch38,deepvariant,30,44,SNV,0.987527,0.987626,9.899999999996023e-05
ZY_GeneMind_NA12878,grch38,deepvariant,50,42,INDEL,0.977199,0.977204,4.999999999921734e-06
ZY_GeneMind_NA12878,grch38,deepvariant,50,42,SNV,0.990381,0.990359,2.199999999996649e-05
ZY_GeneMind_NA12878,grch38,deepvariant,50,43,INDEL,0.978227,0.978071,0.00015599999999993397
ZY_GeneMind_NA12878,grch38,deepvariant,50,43,SNV,0.990724,0.990637,8.700000000005925e-05
ZY_GeneMind_NA12878,grch38,deepvariant,50,44,INDEL,0.977771,0.977337,0.00043399999999993444
ZY_GeneMind_NA12878,grch38,deepvariant,50,44,SNV,0.990489,0.990468,2.0999999999937735e-05
ZY_GeneMind_NA12878,grch38,deepvariant,full,0,INDEL,0.983772,0.983908,0.000136000000000025
ZY_GeneMind_NA12878,grch38,deepvariant,full,0,SNV,0.993054,0.993032,2.199999999996649e-05
ZY_BGI_NA12878,grch38,deepvariant,5,42,INDEL,0.67405,0.674985,0.0009349999999999081
ZY_BGI_NA12878,grch38,deepvariant,5,42,SNV,0.776869,0.77709,0.0002209999999999157
ZY_BGI_NA12878,grch38,deepvariant,5,43,INDEL,0.682022,0.68317,0.0011480000000000379
ZY_BGI_NA12878,grch38,deepvariant,5,43,SNV,0.775216,0.775504,0.00028799999999995496
ZY_BGI_NA12878,grch38,deepvariant,5,44,INDEL,0.676694,0.681264,0.004569999999999963
ZY_BGI_NA12878,grch38,deepvariant,5,44,SNV,0.77591,0.776006,9.599999999998499e-05
ZY_BGI_NA12878,grch38,gatk4_hc,5,42,INDEL,0.619233,0.61842,0.0008130000000000637
ZY_BGI_NA12878,grch38,gatk4_hc,5,42,SNV,0.803566,0.803769,0.00020299999999995322
ZY_BGI_NA12878,grch38,gatk4_hc,5,43,INDEL,0.621365,0.622733,0.0013680000000000359
ZY_BGI_NA12878,grch38,gatk4_hc,5,43,SNV,0.799636,0.79985,0.00021399999999993646
ZY_BGI_NA12878,grch38,gatk4_hc,5,44,INDEL,0.624379,0.624849,0.00046999999999997044
ZY_BGI_NA12878,grch38,gatk4_hc,5,44,SNV,0.800412,0.800601,0.00018899999999999473
ZY_GeneMind_NA12878,grch38,deepvariant,5,42,INDEL,0.766069,0.767842,0.0017730000000000246
ZY_GeneMind_NA12878,grch38,deepvariant,5,42,SNV,0.857476,0.857767,0.0002909999999999302
ZY_GeneMind_NA12878,grch38,deepvariant,5,43,INDEL,0.773886,0.774244,0.0003580000000000805
ZY_GeneMind_NA12878,grch38,deepvariant,5,43,SNV,0.856345,0.856453,0.00010799999999999699
ZY_GeneMind_NA12878,grch38,deepvariant,5,44,INDEL,0.773403,0.775203,0.0018000000000000238
ZY_GeneMind_NA12878,grch38,deepvariant,5,44,SNV,0.85555,0.855899,0.0003489999999999327
ZY_GeneMind_NA12878,grch38,gatk4_hc,5,42,INDEL,0.698751,0.698368,0.0003830000000000222
ZY_GeneMind_NA12878,grch38,gatk4_hc,5,42,SNV,0.849423,0.849159,0.000264000000000042
ZY_GeneMind_NA12878,grch38,gatk4_hc,5,43,INDEL,0.70159,0.700982,0.0006080000000000529
ZY_GeneMind_NA12878,grch38,gatk4_hc,5,43,SNV,0.847319,0.847105,0.00021400000000004749
ZY_GeneMind_NA12878,grch38,gatk4_hc,5,44,INDEL,0.70035,0.700738,0.00038799999999994395
ZY_GeneMind_NA12878,grch38,gatk4_hc,5,44,SNV,0.846737,0.846232,0.0005049999999999777
ZY_Illumina_NA12878,grch38,deepvariant,5,42,INDEL,0.691964,0.691842,0.0001220000000000665
ZY_Illumina_NA12878,grch38,deepvariant,5,42,SNV,0.825692,0.825711,1.8999999999991246e-05
ZY_Illumina_NA12878,grch38,deepvariant,5,43,INDEL,0.694321,0.695422,0.0011010000000000186
ZY_Illumina_NA12878,grch38,deepvariant,5,43,SNV,0.828996,0.828823,0.00017299999999997873
ZY_Illumina_NA12878,grch38,deepvariant,5,44,INDEL,0.68979,0.69001,0.00021999999999999797
ZY_Illumina_NA12878,grch38,deepvariant,5,44,SNV,0.828299,0.828027,0.00027200000000005
ZY_Illumina_NA12878,grch38,gatk4_hc,5,42,INDEL,0.633853,0.63433,0.0004769999999999497
ZY_Illumina_NA12878,grch38,gatk4_hc,5,42,SNV,0.815083,0.815446,0.0003630000000000022
ZY_Illumina_NA12878,grch38,gatk4_hc,5,43,INDEL,0.642092,0.641129,0.0009630000000000472
ZY_Illumina_NA12878,grch38,gatk4_hc,5,43,SNV,0.818263,0.818302,3.900000000001125e-05
ZY_Illumina_NA12878,grch38,gatk4_hc,5,44,INDEL,0.62052,0.62009,0.00042999999999993044
ZY_Illumina_NA12878,grch38,gatk4_hc,5,44,SNV,0.815754,0.81586,0.0001060000000000505
ZY_BGI_NA12878,grch38,deepvariant,10,42,INDEL,0.809628,0.809995,0.0003670000000000062
ZY_BGI_NA12878,grch38,deepvariant,10,42,SNV,0.886934,0.887129,0.00019499999999994522
ZY_BGI_NA12878,grch38,deepvariant,10,43,INDEL,0.810579,0.811133,0.0005539999999999434
ZY_BGI_NA12878,grch38,deepvariant,10,43,SNV,0.886104,0.886343,0.00023899999999998922
ZY_BGI_NA12878,grch38,deepvariant,10,44,INDEL,0.816028,0.816599,0.0005709999999999882
ZY_BGI_NA12878,grch38,deepvariant,10,44,SNV,0.886068,0.886218,0.00014999999999998348
ZY_BGI_NA12878,grch38,gatk4_hc,10,42,INDEL,0.731926,0.732309,0.0003830000000000222
ZY_BGI_NA12878,grch38,gatk4_hc,10,42,SNV,0.908601,0.908426,0.00017500000000003624
ZY_BGI_NA12878,grch38,gatk4_hc,10,43,INDEL,0.72954,0.729622,8.20000000000265e-05
ZY_BGI_NA12878,grch38,gatk4_hc,10,43,SNV,0.90818,0.908221,4.099999999995774e-05
ZY_BGI_NA12878,grch38,gatk4_hc,10,44,INDEL,0.730267,0.730127,0.000140000000000029
ZY_BGI_NA12878,grch38,gatk4_hc,10,44,SNV,0.906957,0.90678,0.00017699999999998273
ZY_GeneMind_NA12878,grch38,deepvariant,10,42,INDEL,0.893477,0.893059,0.00041799999999991844
ZY_GeneMind_NA12878,grch38,deepvariant,10,42,SNV,0.950309,0.950032,0.0002769999999999717
ZY_GeneMind_NA12878,grch38,deepvariant,10,43,INDEL,0.894355,0.895207,0.0008519999999999639
ZY_GeneMind_NA12878,grch38,deepvariant,10,43,SNV,0.950302,0.950707,0.0004049999999999887
ZY_GeneMind_NA12878,grch38,deepvariant,10,44,INDEL,0.89385,0.894616,0.0007659999999999334
ZY_GeneMind_NA12878,grch38,deepvariant,10,44,SNV,0.950305,0.950353,4.8000000000048004e-05
ZY_GeneMind_NA12878,grch38,gatk4_hc,10,42,INDEL,0.816957,0.816869,8.800000000008801e-05
ZY_GeneMind_NA12878,grch38,gatk4_hc,10,42,SNV,0.940102,0.939665,0.0004370000000000207
ZY_GeneMind_NA12878,grch38,gatk4_hc,10,43,INDEL,0.816086,0.815751,0.0003349999999999742
ZY_GeneMind_NA12878,grch38,gatk4_hc,10,43,SNV,0.940533,0.940124,0.0004089999999999927
ZY_GeneMind_NA12878,grch38,gatk4_hc,10,44,INDEL,0.818133,0.819589,0.0014560000000000128
ZY_GeneMind_NA12878,grch38,gatk4_hc,10,44,SNV,0.939796,0.939261,0.0005349999999999522
ZY_Illumina_NA12878,grch38,deepvariant,10,42,INDEL,0.815812,0.816766,0.0009540000000000104
ZY_Illumina_NA12878,grch38,deepvariant,10,42,SNV,0.921652,0.921629,2.2999999999995246e-05
ZY_Illumina_NA12878,grch38,deepvariant,10,43,INDEL,0.821686,0.823516,0.0018299999999999983
ZY_Illumina_NA12878,grch38,deepvariant,10,43,SNV,0.923641,0.923664,2.2999999999995246e-05
ZY_Illumina_NA12878,grch38,deepvariant,10,44,INDEL,0.816804,0.817492,0.0006880000000000219
ZY_Illumina_NA12878,grch38,deepvariant,10,44,SNV,0.923367,0.923314,5.300000000008076e-05
ZY_Illumina_NA12878,grch38,gatk4_hc,10,42,INDEL,0.749746,0.748215,0.00153100000000006
ZY_Illumina_NA12878,grch38,gatk4_hc,10,42,SNV,0.912186,0.912081,0.00010500000000002174
ZY_Illumina_NA12878,grch38,gatk4_hc,10,43,INDEL,0.747635,0.747531,0.00010400000000010401
ZY_Illumina_NA12878,grch38,gatk4_hc,10,43,SNV,0.914151,0.914138,1.3000000000040757e-05
ZY_Illumina_NA12878,grch38,gatk4_hc,10,44,INDEL,0.74802,0.747221,0.0007989999999999942
ZY_Illumina_NA12878,grch38,gatk4_hc,10,44,SNV,0.913689,0.913714,2.5000000000052758e-05
ZY_BGI_NA12878,grch38,deepvariant,100,42,INDEL,0.958942,0.958708,0.00023399999999995647
ZY_BGI_NA12878,grch38,deepvariant,100,42,SNV,0.987548,0.987591,4.300000000001525e-05
ZY_BGI_NA12878,grch38,deepvariant,100,43,INDEL,0.958346,0.958,0.0003460000000000685
ZY_BGI_NA12878,grch38,deepvariant,100,43,SNV,0.987575,0.987597,2.199999999996649e-05
ZY_BGI_NA12878,grch38,deepvariant,100,44,INDEL,0.962523,0.962996,0.0004729999999999457
ZY_BGI_NA12878,grch38,deepvariant,100,44,SNV,0.987844,0.987769,7.500000000004725e-05
ZY_BGI_NA12878,grch38,gatk4_hc,100,42,INDEL,0.842619,0.84235,0.0002689999999999637
ZY_BGI_NA12878,grch38,gatk4_hc,100,42,SNV,0.979899,0.979711,0.00018799999999996597
ZY_BGI_NA12878,grch38,gatk4_hc,100,43,INDEL,0.842617,0.842348,0.0002689999999999637
ZY_BGI_NA12878,grch38,gatk4_hc,100,43,SNV,0.980226,0.980092,0.0001340000000000785
ZY_BGI_NA12878,grch38,gatk4_hc,100,44,INDEL,0.842648,0.842988,0.00034000000000000696
ZY_BGI_NA12878,grch38,gatk4_hc,100,44,SNV,0.980644,0.980276,0.00036799999999992394
ZY_GeneMind_NA12878,grch38,deepvariant,100,42,INDEL,0.986061,0.985913,0.00014799999999992597
ZY_GeneMind_NA12878,grch38,deepvariant,100,42,SNV,0.992037,0.991971,6.599999999989947e-05
ZY_GeneMind_NA12878,grch38,deepvariant,100,43,INDEL,0.979876,0.980017,0.00014100000000005775
ZY_GeneMind_NA12878,grch38,deepvariant,100,43,SNV,0.992115,0.992093,2.199999999996649e-05
ZY_GeneMind_NA12878,grch38,deepvariant,100,44,INDEL,0.981197,0.981043,0.00015399999999998748
ZY_GeneMind_NA12878,grch38,deepvariant,100,44,SNV,0.991982,0.991895,8.700000000005925e-05
ZY_GeneMind_NA12878,grch38,gatk4_hc,100,42,INDEL,0.919287,0.919241,4.599999999999049e-05
ZY_GeneMind_NA12878,grch38,gatk4_hc,100,42,SNV,0.981173,0.981069,0.00010399999999999299
ZY_GeneMind_NA12878,grch38,gatk4_hc,100,43,INDEL,0.919489,0.919851,0.00036199999999997345
ZY_GeneMind_NA12878,grch38,gatk4_hc,100,43,SNV,0.981611,0.981455,0.000156000000000045
ZY_GeneMind_NA12878,grch38,gatk4_hc,100,44,INDEL,0.919044,0.91915,0.0001060000000000505
ZY_GeneMind_NA12878,grch38,gatk4_hc,100,44,SNV,0.981379,0.9812,0.00017900000000004024
ZY_Illumina_NA12878,grch38,deepvariant,100,42,INDEL,0.964227,0.963936,0.0002909999999999302
ZY_Illumina_NA12878,grch38,deepvariant,100,42,SNV,0.988704,0.988737,3.2999999999949736e-05
ZY_Illumina_NA12878,grch38,deepvariant,100,43,INDEL,0.964591,0.964594,2.9999999999752447e-06
ZY_Illumina_NA12878,grch38,deepvariant,100,43,SNV,0.988663,0.988597,6.60000000000105e-05
ZY_Illumina_NA12878,grch38,deepvariant,100,44,INDEL,0.963127,0.963719,0.0005920000000000369
ZY_Illumina_NA12878,grch38,deepvariant,100,44,SNV,0.988268,0.988278,9.99999999995449e-06
ZY_Illumina_NA12878,grch38,gatk4_hc,100,42,INDEL,0.859928,0.86044,0.0005119999999999569
ZY_Illumina_NA12878,grch38,gatk4_hc,100,42,SNV,0.979648,0.979132,0.0005159999999999609
ZY_Illumina_NA12878,grch38,gatk4_hc,100,43,INDEL,0.861877,0.861049,0.0008280000000000509
ZY_Illumina_NA12878,grch38,gatk4_hc,100,43,SNV,0.978697,0.97849,0.00020700000000006824
ZY_Illumina_NA12878,grch38,gatk4_hc,100,44,INDEL,0.866061,0.8644,0.0016610000000000236
ZY_Illumina_NA12878,grch38,gatk4_hc,100,44,SNV,0.979224,0.978684,0.0005399999999999849
ZY_BGI_NA12878,grch38,deepvariant,200,42,INDEL,0.964956,0.966894,0.0019379999999999953
ZY_BGI_NA12878,grch38,deepvariant,200,42,SNV,0.990405,0.990503,9.80000000000425e-05
ZY_BGI_NA12878,grch38,deepvariant,200,43,INDEL,0.967811,0.968593,0.0007820000000000604
ZY_BGI_NA12878,grch38,deepvariant,200,43,SNV,0.990747,0.990736,1.1000000000094268e-05
ZY_BGI_NA12878,grch38,deepvariant,200,44,INDEL,0.968382,0.969167,0.0007850000000000357
ZY_BGI_NA12878,grch38,deepvariant,200,44,SNV,0.990552,0.990628,7.599999999996498e-05
ZY_BGI_NA12878,grch38,gatk4_hc,200,42,INDEL,0.85389,0.853432,0.00045800000000006946
ZY_BGI_NA12878,grch38,gatk4_hc,200,42,SNV,0.981722,0.981642,7.999999999996898e-05
ZY_BGI_NA12878,grch38,gatk4_hc,200,43,INDEL,0.853216,0.852796,0.00041999999999997595
ZY_BGI_NA12878,grch38,gatk4_hc,200,43,SNV,0.981969,0.981953,1.6000000000016e-05
ZY_BGI_NA12878,grch38,gatk4_hc,200,44,INDEL,0.85652,0.856021,0.0004989999999999162
ZY_BGI_NA12878,grch38,gatk4_hc,200,44,SNV,0.981975,0.981895,8.000000000008001e-05
ZY_GeneMind_NA12878,grch38,deepvariant,200,42,INDEL,0.984471,0.984184,0.0002870000000000372
ZY_GeneMind_NA12878,grch38,deepvariant,200,42,SNV,0.992344,0.992355,1.0999999999983245e-05
ZY_GeneMind_NA12878,grch38,deepvariant,200,43,INDEL,0.985777,0.985339,0.00043800000000004946
ZY_GeneMind_NA12878,grch38,deepvariant,200,43,SNV,0.992498,0.992531,3.300000000006076e-05
ZY_GeneMind_NA12878,grch38,deepvariant,200,44,INDEL,0.98621,0.985634,0.0005760000000000209
ZY_GeneMind_NA12878,grch38,deepvariant,200,44,SNV,0.992476,0.992476,0.0
ZY_GeneMind_NA12878,grch38,gatk4_hc,200,42,INDEL,0.921348,0.920362,0.0009859999999999314
ZY_GeneMind_NA12878,grch38,gatk4_hc,200,42,SNV,0.982026,0.981956,6.999999999990347e-05
ZY_GeneMind_NA12878,grch38,gatk4_hc,200,43,INDEL,0.919271,0.919677,0.00040600000000001746
ZY_GeneMind_NA12878,grch38,gatk4_hc,200,43,SNV,0.981795,0.981651,0.00014399999999992197
ZY_GeneMind_NA12878,grch38,gatk4_hc,200,44,INDEL,0.922141,0.92199,0.00015100000000001224
ZY_GeneMind_NA12878,grch38,gatk4_hc,200,44,SNV,0.981751,0.981521,0.0002300000000000635
ZY_Illumina_NA12878,grch38,deepvariant,200,42,INDEL,0.975733,0.97617,0.0004370000000000207
ZY_Illumina_NA12878,grch38,deepvariant,200,42,SNV,0.990651,0.99064,1.0999999999983245e-05
ZY_Illumina_NA12878,grch38,deepvariant,200,43,INDEL,0.973197,0.973477,0.000280000000000058
ZY_Illumina_NA12878,grch38,deepvariant,200,43,SNV,0.990708,0.990719,1.0999999999983245e-05
ZY_Illumina_NA12878,grch38,deepvariant,200,44,INDEL,0.971276,0.971136,0.000140000000000029
ZY_Illumina_NA12878,grch38,deepvariant,200,44,SNV,0.990598,0.990555,4.300000000001525e-05
ZY_Illumina_NA12878,grch38,gatk4_hc,200,42,INDEL,0.873913,0.873518,0.0003950000000000342
ZY_Illumina_NA12878,grch38,gatk4_hc,200,42,SNV,0.98124,0.981011,0.00022900000000003473
ZY_Illumina_NA12878,grch38,gatk4_hc,200,43,INDEL,0.873074,0.872595,0.0004790000000000072
ZY_Illumina_NA12878,grch38,gatk4_hc,200,43,SNV,0.981085,0.980835,0.00024999999999997247
ZY_Illumina_NA12878,grch38,gatk4_hc,200,44,INDEL,0.873103,0.872709,0.00039400000000000546
ZY_Illumina_NA12878,grch38,gatk4_hc,200,44,SNV,0.9807,0.980567,0.00013300000000004975
