label	category	n	QUAL	DP	GQ	QQ
ZY_BGI_NA12878.grch38.deepvariant.100x.s42	concordant	56597	24.80	130.00	22.00	
ZY_BGI_NA12878.grch38.deepvariant.100x.s42	discordant	25	21.50	65.00	16.00	
ZY_BGI_NA12878.grch38.deepvariant.100x.s42	cpu_only	134	23.25	105.00	20.00	
ZY_BGI_NA12878.grch38.deepvariant.100x.s42	gpu_only	148	24.50	119.00	21.00	
ZY_BGI_NA12878.grch38.deepvariant.100x.s43	concordant	56643	24.80	130.00	22.00	
ZY_BGI_NA12878.grch38.deepvariant.100x.s43	discordant	24	20.55	56.50	17.50	
ZY_BGI_NA12878.grch38.deepvariant.100x.s43	cpu_only	116	24.45	114.00	21.00	
ZY_BGI_NA12878.grch38.deepvariant.100x.s43	gpu_only	145	24.60	113.00	21.00	
ZY_BGI_NA12878.grch38.deepvariant.100x.s44	concordant	56612	24.80	130.00	22.00	
ZY_BGI_NA12878.grch38.deepvariant.100x.s44	discordant	22	24.55	78.00	19.00	
ZY_BGI_NA12878.grch38.deepvariant.100x.s44	cpu_only	117	22.20	116.00	16.00	
ZY_BGI_NA12878.grch38.deepvariant.100x.s44	gpu_only	144	24.40	110.50	21.00	
ZY_BGI_NA12878.grch38.deepvariant.10x.s42	concordant	52924	24.70	15.00	22.00	
ZY_BGI_NA12878.grch38.deepvariant.10x.s42	discordant	18	20.75	5.00	9.50	
ZY_BGI_NA12878.grch38.deepvariant.10x.s42	cpu_only	74	21.45	13.00	19.00	
ZY_BGI_NA12878.grch38.deepvariant.10x.s42	gpu_only	110	21.65	9.00	20.00	
ZY_BGI_NA12878.grch38.deepvariant.10x.s43	concordant	53077	24.70	15.00	22.00	
ZY_BGI_NA12878.grch38.deepvariant.10x.s43	discordant	23	19.00	7.00	9.00	
ZY_BGI_NA12878.grch38.deepvariant.10x.s43	cpu_only	95	20.60	11.00	19.00	
ZY_BGI_NA12878.grch38.deepvariant.10x.s43	gpu_only	109	23.70	10.00	21.00	
ZY_BGI_NA12878.grch38.deepvariant.10x.s44	concordant	52919	24.70	15.00	22.00	
ZY_BGI_NA12878.grch38.deepvariant.10x.s44	discordant	14	22.80	8.50	13.50	
ZY_BGI_NA12878.grch38.deepvariant.10x.s44	cpu_only	96	15.55	14.00	14.00	
ZY_BGI_NA12878.grch38.deepvariant.10x.s44	gpu_only	85	23.80	12.00	21.00	
ZY_BGI_NA12878.grch38.deepvariant.15x.s42	concordant	54507	24.80	21.00	22.00	
ZY_BGI_NA12878.grch38.deepvariant.15x.s42	discordant	15	17.30	9.00	5.00	
ZY_BGI_NA12878.grch38.deepvariant.15x.s42	cpu_only	72	17.80	16.00	17.00	
ZY_BGI_NA12878.grch38.deepvariant.15x.s42	gpu_only	82	23.15	12.50	20.50	
ZY_BGI_NA12878.grch38.deepvariant.15x.s43	concordant	54500	24.80	21.00	22.00	
ZY_BGI_NA12878.grch38.deepvariant.15x.s43	discordant	21	19.50	7.00	13.00	
ZY_BGI_NA12878.grch38.deepvariant.15x.s43	cpu_only	91	18.90	12.00	17.00	
ZY_BGI_NA12878.grch38.deepvariant.15x.s43	gpu_only	114	24.15	11.50	21.00	
ZY_BGI_NA12878.grch38.deepvariant.15x.s44	concordant	54573	24.80	21.00	22.00	
ZY_BGI_NA12878.grch38.deepvariant.15x.s44	discordant	23	19.50	5.00	13.00	
ZY_BGI_NA12878.grch38.deepvariant.15x.s44	cpu_only	68	20.20	20.00	17.50	
ZY_BGI_NA12878.grch38.deepvariant.15x.s44	gpu_only	97	22.60	15.00	20.00	
ZY_BGI_NA12878.grch38.deepvariant.200x.s42	concordant	56762	24.80	231.00	22.00	
ZY_BGI_NA12878.grch38.deepvariant.200x.s42	discordant	39	23.70	110.00	17.00	
ZY_BGI_NA12878.grch38.deepvariant.200x.s42	cpu_only	149	22.80	136.00	18.00	
ZY_BGI_NA12878.grch38.deepvariant.200x.s42	gpu_only	197	23.50	163.00	19.00	
ZY_BGI_NA12878.grch38.deepvariant.200x.s43	concordant	56845	24.80	231.00	22.00	
ZY_BGI_NA12878.grch38.deepvariant.200x.s43	discordant	36	20.95	99.50	11.00	
ZY_BGI_NA12878.grch38.deepvariant.200x.s43	cpu_only	155	22.50	150.00	17.00	
ZY_BGI_NA12878.grch38.deepvariant.200x.s43	gpu_only	195	24.00	141.00	18.00	
ZY_BGI_NA12878.grch38.deepvariant.200x.s44	concordant	56837	24.80	231.00	22.00	
ZY_BGI_NA12878.grch38.deepvariant.200x.s44	discordant	43	20.20	126.00	13.00	
ZY_BGI_NA12878.grch38.deepvariant.200x.s44	cpu_only	164	22.25	147.00	17.00	
ZY_BGI_NA12878.grch38.deepvariant.200x.s44	gpu_only	195	23.00	161.00	19.00	
ZY_BGI_NA12878.grch38.deepvariant.30x.s42	concordant	55697	24.80	41.00	22.00	
ZY_BGI_NA12878.grch38.deepvariant.30x.s42	discordant	12	19.30	9.50	9.50	
ZY_BGI_NA12878.grch38.deepvariant.30x.s42	cpu_only	76	20.00	36.00	18.00	
ZY_BGI_NA12878.grch38.deepvariant.30x.s42	gpu_only	82	19.85	30.50	17.50	
ZY_BGI_NA12878.grch38.deepvariant.30x.s43	concordant	55676	24.80	41.00	22.00	
ZY_BGI_NA12878.grch38.deepvariant.30x.s43	discordant	17	20.40	30.00	15.00	
ZY_BGI_NA12878.grch38.deepvariant.30x.s43	cpu_only	85	20.90	38.00	19.00	
ZY_BGI_NA12878.grch38.deepvariant.30x.s43	gpu_only	102	24.15	30.00	21.00	
ZY_BGI_NA12878.grch38.deepvariant.30x.s44	concordant	55785	24.80	41.00	22.00	
ZY_BGI_NA12878.grch38.deepvariant.30x.s44	discordant	17	16.40	8.00	9.00	
ZY_BGI_NA12878.grch38.deepvariant.30x.s44	cpu_only	68	16.50	27.00	15.00	
ZY_BGI_NA12878.grch38.deepvariant.30x.s44	gpu_only	93	22.90	28.00	20.00	
ZY_BGI_NA12878.grch38.deepvariant.50x.s42	concordant	56235	24.80	67.00	22.00	
ZY_BGI_NA12878.grch38.deepvariant.50x.s42	discordant	22	21.60	45.50	17.50	
ZY_BGI_NA12878.grch38.deepvariant.50x.s42	cpu_only	86	22.80	87.50	20.00	
ZY_BGI_NA12878.grch38.deepvariant.50x.s42	gpu_only	103	23.90	58.00	19.00	
ZY_BGI_NA12878.grch38.deepvariant.50x.s43	concordant	56176	24.80	67.00	22.00	
ZY_BGI_NA12878.grch38.deepvariant.50x.s43	discordant	12	20.30	45.50	14.50	
ZY_BGI_NA12878.grch38.deepvariant.50x.s43	cpu_only	70	24.30	53.00	21.00	
ZY_BGI_NA12878.grch38.deepvariant.50x.s43	gpu_only	135	24.10	58.00	21.00	
ZY_BGI_NA12878.grch38.deepvariant.50x.s44	concordant	56225	24.80	67.00	22.00	
ZY_BGI_NA12878.grch38.deepvariant.50x.s44	discordant	17	22.20	53.00	17.00	
ZY_BGI_NA12878.grch38.deepvariant.50x.s44	cpu_only	78	23.35	74.50	20.00	
ZY_BGI_NA12878.grch38.deepvariant.50x.s44	gpu_only	108	22.55	81.50	20.00	
ZY_BGI_NA12878.grch38.deepvariant.5x.s42	concordant	46839	24.60	9.00	22.00	
ZY_BGI_NA12878.grch38.deepvariant.5x.s42	discordant	29	21.00	4.00	14.00	
ZY_BGI_NA12878.grch38.deepvariant.5x.s42	cpu_only	88	17.10	8.00	15.50	
ZY_BGI_NA12878.grch38.deepvariant.5x.s42	gpu_only	111	24.00	7.00	21.00	
ZY_BGI_NA12878.grch38.deepvariant.5x.s43	concordant	46532	24.60	9.00	22.00	
ZY_BGI_NA12878.grch38.deepvariant.5x.s43	discordant	27	21.20	4.00	15.00	
ZY_BGI_NA12878.grch38.deepvariant.5x.s43	cpu_only	76	22.25	10.00	20.00	
ZY_BGI_NA12878.grch38.deepvariant.5x.s43	gpu_only	133	24.30	6.00	21.00	
ZY_BGI_NA12878.grch38.deepvariant.5x.s44	concordant	46662	24.70	9.00	22.00	
ZY_BGI_NA12878.grch38.deepvariant.5x.s44	discordant	22	22.20	4.50	15.00	
ZY_BGI_NA12878.grch38.deepvariant.5x.s44	cpu_only	92	23.70	10.00	21.00	
ZY_BGI_NA12878.grch38.deepvariant.5x.s44	gpu_only	147	23.30	9.00	20.00	
ZY_BGI_NA12878.grch38.deepvariant.full.s0	concordant	57149	24.80	469.00	22.00	
ZY_BGI_NA12878.grch38.deepvariant.full.s0	discordant	48	21.65	194.50	13.50	
ZY_BGI_NA12878.grch38.deepvariant.full.s0	cpu_only	172	20.55	225.50	16.00	
ZY_BGI_NA12878.grch38.deepvariant.full.s0	gpu_only	217	23.20	220.00	18.00	
ZY_BGI_NA12878.grch38.gatk4_hc.100x.s42	concordant	60766	2180.64	125.00	99.00	
ZY_BGI_NA12878.grch38.gatk4_hc.100x.s42	discordant	8	365.41	17.00	6.00	
ZY_BGI_NA12878.grch38.gatk4_hc.100x.s42	cpu_only	68	224.62	60.00	99.00	
ZY_BGI_NA12878.grch38.gatk4_hc.100x.s42	gpu_only	84	305.52	54.00	78.00	
ZY_BGI_NA12878.grch38.gatk4_hc.100x.s43	concordant	60879	2182.64	124.00	99.00	
ZY_BGI_NA12878.grch38.gatk4_hc.100x.s43	discordant	3	1467.02	63.00	50.00	
ZY_BGI_NA12878.grch38.gatk4_hc.100x.s43	cpu_only	72	420.55	97.00	99.00	
ZY_BGI_NA12878.grch38.gatk4_hc.100x.s43	gpu_only	67	460.64	68.00	99.00	
ZY_BGI_NA12878.grch38.gatk4_hc.100x.s44	concordant	60832	2179.64	124.00	99.00	
ZY_BGI_NA12878.grch38.gatk4_hc.100x.s44	discordant	1	5843.85	214.00	3.00	
ZY_BGI_NA12878.grch38.gatk4_hc.100x.s44	cpu_only	49	185.64	105.00	99.00	
ZY_BGI_NA12878.grch38.gatk4_hc.100x.s44	gpu_only	90	255.81	89.50	99.00	
ZY_BGI_NA12878.grch38.gatk4_hc.10x.s42	concordant	50800	265.64	15.00	88.00	
ZY_BGI_NA12878.grch38.gatk4_hc.10x.s42	discordant	4	90.58	2.50	7.50	
ZY_BGI_NA12878.grch38.gatk4_hc.10x.s42	cpu_only	44	50.14	10.00	42.50	
ZY_BGI_NA12878.grch38.gatk4_hc.10x.s42	gpu_only	56	54.12	14.00	57.00	
ZY_BGI_NA12878.grch38.gatk4_hc.10x.s43	concordant	50721	265.64	15.00	87.00	
ZY_BGI_NA12878.grch38.gatk4_hc.10x.s43	discordant	5	206.99	8.00	9.00	
ZY_BGI_NA12878.grch38.gatk4_hc.10x.s43	cpu_only	48	49.80	12.00	39.00	
ZY_BGI_NA12878.grch38.gatk4_hc.10x.s43	gpu_only	41	49.60	7.00	49.00	
ZY_BGI_NA12878.grch38.gatk4_hc.10x.s44	concordant	50626	266.64	15.00	87.00	
ZY_BGI_NA12878.grch38.gatk4_hc.10x.s44	discordant	5	121.80	3.00	6.00	
ZY_BGI_NA12878.grch38.gatk4_hc.10x.s44	cpu_only	51	82.25	14.00	42.00	
ZY_BGI_NA12878.grch38.gatk4_hc.10x.s44	gpu_only	54	52.34	10.50	59.50	
ZY_BGI_NA12878.grch38.gatk4_hc.15x.s42	concordant	54159	373.64	21.00	99.00	
ZY_BGI_NA12878.grch38.gatk4_hc.15x.s42	discordant	6	107.72	4.00	10.00	
ZY_BGI_NA12878.grch38.gatk4_hc.15x.s42	cpu_only	48	57.14	12.00	54.00	
ZY_BGI_NA12878.grch38.gatk4_hc.15x.s42	gpu_only	38	76.60	17.00	82.50	
ZY_BGI_NA12878.grch38.gatk4_hc.15x.s43	concordant	53952	376.06	21.00	99.00	
ZY_BGI_NA12878.grch38.gatk4_hc.15x.s43	discordant	5	159.10	4.00	14.00	
ZY_BGI_NA12878.grch38.gatk4_hc.15x.s43	cpu_only	47	35.48	11.00	38.00	
ZY_BGI_NA12878.grch38.gatk4_hc.15x.s43	gpu_only	27	70.32	5.00	14.00	
ZY_BGI_NA12878.grch38.gatk4_hc.15x.s44	concordant	54061	376.64	22.00	99.00	
ZY_BGI_NA12878.grch38.gatk4_hc.15x.s44	discordant	7	78.32	2.00	6.00	
ZY_BGI_NA12878.grch38.gatk4_hc.15x.s44	cpu_only	44	58.62	19.00	51.00	
ZY_BGI_NA12878.grch38.gatk4_hc.15x.s44	gpu_only	41	43.64	20.00	50.00	
ZY_BGI_NA12878.grch38.gatk4_hc.200x.s42	concordant	61672	4132.64	236.00	99.00	
ZY_BGI_NA12878.grch38.gatk4_hc.200x.s42	discordant	4	714.07	21.00	60.00	
ZY_BGI_NA12878.grch38.gatk4_hc.200x.s42	cpu_only	77	359.64	181.00	99.00	
ZY_BGI_NA12878.grch38.gatk4_hc.200x.s42	gpu_only	66	881.33	62.50	99.00	
ZY_BGI_NA12878.grch38.gatk4_hc.200x.s43	concordant	61707	4137.64	236.00	99.00	
ZY_BGI_NA12878.grch38.gatk4_hc.200x.s43	discordant	4	1685.79	77.00	38.00	
ZY_BGI_NA12878.grch38.gatk4_hc.200x.s43	cpu_only	90	200.64	177.00	99.00	
ZY_BGI_NA12878.grch38.gatk4_hc.200x.s43	gpu_only	65	391.05	97.00	99.00	
ZY_BGI_NA12878.grch38.gatk4_hc.200x.s44	concordant	61843	4118.64	235.00	99.00	
ZY_BGI_NA12878.grch38.gatk4_hc.200x.s44	discordant	3	190.96	5.00	20.00	
ZY_BGI_NA12878.grch38.gatk4_hc.200x.s44	cpu_only	73	385.64	193.00	99.00	
ZY_BGI_NA12878.grch38.gatk4_hc.200x.s44	gpu_only	76	610.14	111.50	99.00	
ZY_BGI_NA12878.grch38.gatk4_hc.30x.s42	concordant	57857	701.64	40.00	99.00	
ZY_BGI_NA12878.grch38.gatk4_hc.30x.s42	discordant	6	251.01	9.50	26.00	
ZY_BGI_NA12878.grch38.gatk4_hc.30x.s42	cpu_only	52	96.12	31.00	63.00	
ZY_BGI_NA12878.grch38.gatk4_hc.30x.s42	gpu_only	56	56.62	37.00	59.00	
ZY_BGI_NA12878.grch38.gatk4_hc.30x.s43	concordant	57750	706.06	40.00	99.00	
ZY_BGI_NA12878.grch38.gatk4_hc.30x.s43	discordant	3	414.06	13.00	30.00	
ZY_BGI_NA12878.grch38.gatk4_hc.30x.s43	cpu_only	48	105.12	20.00	54.00	
ZY_BGI_NA12878.grch38.gatk4_hc.30x.s43	gpu_only	38	80.14	28.00	93.50	
ZY_BGI_NA12878.grch38.gatk4_hc.30x.s44	concordant	57777	704.06	40.00	99.00	
ZY_BGI_NA12878.grch38.gatk4_hc.30x.s44	discordant	4	162.06	7.00	19.50	
ZY_BGI_NA12878.grch38.gatk4_hc.30x.s44	cpu_only	54	66.62	19.00	61.00	
ZY_BGI_NA12878.grch38.gatk4_hc.30x.s44	gpu_only	52	60.62	37.50	70.00	
ZY_BGI_NA12878.grch38.gatk4_hc.50x.s42	concordant	59554	1130.64	65.00	99.00	
ZY_BGI_NA12878.grch38.gatk4_hc.50x.s42	discordant	2	102.37	3.00	25.50	
ZY_BGI_NA12878.grch38.gatk4_hc.50x.s42	cpu_only	45	123.60	25.00	78.00	
ZY_BGI_NA12878.grch38.gatk4_hc.50x.s42	gpu_only	76	129.64	45.50	94.00	
ZY_BGI_NA12878.grch38.gatk4_hc.50x.s43	concordant	59515	1132.60	65.00	99.00	
ZY_BGI_NA12878.grch38.gatk4_hc.50x.s43	discordant	2	617.02	27.00	80.50	
ZY_BGI_NA12878.grch38.gatk4_hc.50x.s43	cpu_only	51	152.60	34.00	99.00	
ZY_BGI_NA12878.grch38.gatk4_hc.50x.s43	gpu_only	48	91.62	47.00	96.50	
ZY_BGI_NA12878.grch38.gatk4_hc.50x.s44	concordant	59443	1134.64	65.00	99.00	
ZY_BGI_NA12878.grch38.gatk4_hc.50x.s44	discordant	6	2637.01	110.50	66.50	
ZY_BGI_NA12878.grch38.gatk4_hc.50x.s44	cpu_only	46	109.64	45.50	96.00	
ZY_BGI_NA12878.grch38.gatk4_hc.50x.s44	gpu_only	49	372.64	91.00	99.00	
ZY_BGI_NA12878.grch38.gatk4_hc.5x.s42	concordant	41977	157.96	9.00	48.00	
ZY_BGI_NA12878.grch38.gatk4_hc.5x.s42	discordant	13	103.06	5.00	6.00	
ZY_BGI_NA12878.grch38.gatk4_hc.5x.s42	cpu_only	41	41.64	6.00	38.00	
ZY_BGI_NA12878.grch38.gatk4_hc.5x.s42	gpu_only	72	63.48	5.00	46.00	
ZY_BGI_NA12878.grch38.gatk4_hc.5x.s43	concordant	41803	158.64	9.00	47.00	
ZY_BGI_NA12878.grch38.gatk4_hc.5x.s43	discordant	11	94.98	3.00	6.00	
ZY_BGI_NA12878.grch38.gatk4_hc.5x.s43	cpu_only	51	37.64	6.00	38.00	
ZY_BGI_NA12878.grch38.gatk4_hc.5x.s43	gpu_only	64	37.32	5.00	38.00	
ZY_BGI_NA12878.grch38.gatk4_hc.5x.s44	concordant	41790	158.02	9.00	47.00	
ZY_BGI_NA12878.grch38.gatk4_hc.5x.s44	discordant	15	105.44	4.00	6.00	
ZY_BGI_NA12878.grch38.gatk4_hc.5x.s44	cpu_only	39	35.32	4.00	36.00	
ZY_BGI_NA12878.grch38.gatk4_hc.5x.s44	gpu_only	42	40.12	5.00	38.00	
ZY_BGI_NA12878.grch38.gatk4_hc.full.s0	concordant	62732	12311.60	705.00	99.00	
ZY_BGI_NA12878.grch38.gatk4_hc.full.s0	discordant	9	2547.02	104.00	99.00	
ZY_BGI_NA12878.grch38.gatk4_hc.full.s0	cpu_only	90	322.14	319.00	99.00	
ZY_BGI_NA12878.grch38.gatk4_hc.full.s0	gpu_only	108	404.14	390.00	99.00	
ZY_GeneMind_NA12878.grch38.deepvariant.100x.s42	concordant	57148	24.80	152.00	22.00	
ZY_GeneMind_NA12878.grch38.deepvariant.100x.s42	discordant	23	19.60	73.00	14.00	
ZY_GeneMind_NA12878.grch38.deepvariant.100x.s42	cpu_only	80	21.30	119.50	18.50	
ZY_GeneMind_NA12878.grch38.deepvariant.100x.s42	gpu_only	85	18.30	70.00	15.00	
ZY_GeneMind_NA12878.grch38.deepvariant.100x.s43	concordant	57154	24.80	153.00	22.00	
ZY_GeneMind_NA12878.grch38.deepvariant.100x.s43	discordant	25	20.10	139.00	15.00	
ZY_GeneMind_NA12878.grch38.deepvariant.100x.s43	cpu_only	83	19.90	101.00	17.00	
ZY_GeneMind_NA12878.grch38.deepvariant.100x.s43	gpu_only	98	19.95	121.50	17.50	
ZY_GeneMind_NA12878.grch38.deepvariant.100x.s44	concordant	57171	24.80	152.00	22.00	
ZY_GeneMind_NA12878.grch38.deepvariant.100x.s44	discordant	21	21.10	33.00	14.00	
ZY_GeneMind_NA12878.grch38.deepvariant.100x.s44	cpu_only	80	18.25	92.00	16.00	
ZY_GeneMind_NA12878.grch38.deepvariant.100x.s44	gpu_only	77	19.90	109.00	17.00	
ZY_GeneMind_NA12878.grch38.deepvariant.10x.s42	concordant	53094	24.70	17.00	22.00	
ZY_GeneMind_NA12878.grch38.deepvariant.10x.s42	discordant	36	22.25	4.50	15.00	
ZY_GeneMind_NA12878.grch38.deepvariant.10x.s42	cpu_only	65	21.60	11.00	18.00	
ZY_GeneMind_NA12878.grch38.deepvariant.10x.s42	gpu_only	98	24.15	10.50	21.00	
ZY_GeneMind_NA12878.grch38.deepvariant.10x.s43	concordant	53186	24.70	17.00	22.00	
ZY_GeneMind_NA12878.grch38.deepvariant.10x.s43	discordant	30	22.05	4.50	16.00	
ZY_GeneMind_NA12878.grch38.deepvariant.10x.s43	cpu_only	86	19.50	11.00	17.00	
ZY_GeneMind_NA12878.grch38.deepvariant.10x.s43	gpu_only	127	24.30	13.00	21.00	
ZY_GeneMind_NA12878.grch38.deepvariant.10x.s44	concordant	53051	24.70	17.00	22.00	
ZY_GeneMind_NA12878.grch38.deepvariant.10x.s44	discordant	25	23.10	6.00	18.00	
ZY_GeneMind_NA12878.grch38.deepvariant.10x.s44	cpu_only	63	22.00	9.00	17.00	
ZY_GeneMind_NA12878.grch38.deepvariant.10x.s44	gpu_only	105	23.30	10.00	20.00	
ZY_GeneMind_NA12878.grch38.deepvariant.15x.s42	concordant	54961	24.80	25.00	22.00	
ZY_GeneMind_NA12878.grch38.deepvariant.15x.s42	discordant	26	20.65	6.00	15.00	
ZY_GeneMind_NA12878.grch38.deepvariant.15x.s42	cpu_only	54	20.00	11.50	18.00	
ZY_GeneMind_NA12878.grch38.deepvariant.15x.s42	gpu_only	77	24.20	10.00	20.00	
ZY_GeneMind_NA12878.grch38.deepvariant.15x.s43	concordant	54938	24.80	25.00	22.00	
ZY_GeneMind_NA12878.grch38.deepvariant.15x.s43	discordant	17	20.50	6.00	16.00	
ZY_GeneMind_NA12878.grch38.deepvariant.15x.s43	cpu_only	61	18.50	20.00	17.00	
ZY_GeneMind_NA12878.grch38.deepvariant.15x.s43	gpu_only	75	20.60	17.00	15.00	
ZY_GeneMind_NA12878.grch38.deepvariant.15x.s44	concordant	54911	24.80	25.00	22.00	
ZY_GeneMind_NA12878.grch38.deepvariant.15x.s44	discordant	24	22.15	8.00	17.50	
ZY_GeneMind_NA12878.grch38.deepvariant.15x.s44	cpu_only	65	22.00	10.00	19.00	
ZY_GeneMind_NA12878.grch38.deepvariant.15x.s44	gpu_only	86	22.75	10.50	20.00	
ZY_GeneMind_NA12878.grch38.deepvariant.200x.s42	concordant	57328	24.80	267.00	22.00	
ZY_GeneMind_NA12878.grch38.deepvariant.200x.s42	discordant	23	21.40	176.00	17.00	
ZY_GeneMind_NA12878.grch38.deepvariant.200x.s42	cpu_only	92	18.45	191.00	16.00	
ZY_GeneMind_NA12878.grch38.deepvariant.200x.s42	gpu_only	75	20.30	174.00	16.00	
ZY_GeneMind_NA12878.grch38.deepvariant.200x.s43	concordant	57350	24.80	267.00	22.00	
ZY_GeneMind_NA12878.grch38.deepvariant.200x.s43	discordant	26	20.35	187.00	12.50	
ZY_GeneMind_NA12878.grch38.deepvariant.200x.s43	cpu_only	103	19.50	177.00	18.00	
ZY_GeneMind_NA12878.grch38.deepvariant.200x.s43	gpu_only	102	17.45	154.00	15.00	
ZY_GeneMind_NA12878.grch38.deepvariant.200x.s44	concordant	57340	24.80	267.00	22.00	
ZY_GeneMind_NA12878.grch38.deepvariant.200x.s44	discordant	31	18.40	128.00	13.00	
ZY_GeneMind_NA12878.grch38.deepvariant.200x.s44	cpu_only	101	21.10	188.00	18.00	
ZY_GeneMind_NA12878.grch38.deepvariant.200x.s44	gpu_only	100	19.20	146.50	17.00	
ZY_GeneMind_NA12878.grch38.deepvariant.30x.s42	concordant	56339	24.80	48.00	22.00	
ZY_GeneMind_NA12878.grch38.deepvariant.30x.s42	discordant	18	24.65	9.50	20.00	
ZY_GeneMind_NA12878.grch38.deepvariant.30x.s42	cpu_only	74	22.25	30.50	17.50	
ZY_GeneMind_NA12878.grch38.deepvariant.30x.s42	gpu_only	68	17.55	35.50	15.50	
ZY_GeneMind_NA12878.grch38.deepvariant.30x.s43	concordant	56357	24.80	49.00	22.00	
ZY_GeneMind_NA12878.grch38.deepvariant.30x.s43	discordant	19	18.60	20.00	8.00	
ZY_GeneMind_NA12878.grch38.deepvariant.30x.s43	cpu_only	67	18.40	33.00	14.00	
ZY_GeneMind_NA12878.grch38.deepvariant.30x.s43	gpu_only	78	17.40	24.00	14.50	
ZY_GeneMind_NA12878.grch38.deepvariant.30x.s44	concordant	56313	24.80	49.00	22.00	
ZY_GeneMind_NA12878.grch38.deepvariant.30x.s44	discordant	16	18.00	23.50	10.50	
ZY_GeneMind_NA12878.grch38.deepvariant.30x.s44	cpu_only	60	22.90	26.00	20.00	
ZY_GeneMind_NA12878.grch38.deepvariant.30x.s44	gpu_only	77	21.90	25.00	20.00	
ZY_GeneMind_NA12878.grch38.deepvariant.50x.s42	concordant	56750	24.80	80.00	22.00	
ZY_GeneMind_NA12878.grch38.deepvariant.50x.s42	discordant	13	22.30	34.00	19.00	
ZY_GeneMind_NA12878.grch38.deepvariant.50x.s42	cpu_only	52	19.35	38.00	15.00	
ZY_GeneMind_NA12878.grch38.deepvariant.50x.s42	gpu_only	66	17.55	35.00	15.50	
ZY_GeneMind_NA12878.grch38.deepvariant.50x.s43	concordant	56821	24.80	80.00	22.00	
ZY_GeneMind_NA12878.grch38.deepvariant.50x.s43	discordant	15	19.20	27.00	10.00	
ZY_GeneMind_NA12878.grch38.deepvariant.50x.s43	cpu_only	71	22.60	59.00	20.00	
ZY_GeneMind_NA12878.grch38.deepvariant.50x.s43	gpu_only	94	18.90	77.50	16.00	
ZY_GeneMind_NA12878.grch38.deepvariant.50x.s44	concordant	56716	24.80	80.00	22.00	
ZY_GeneMind_NA12878.grch38.deepvariant.50x.s44	discordant	14	18.40	19.50	11.00	
ZY_GeneMind_NA12878.grch38.deepvariant.50x.s44	cpu_only	103	22.10	99.00	19.00	
ZY_GeneMind_NA12878.grch38.deepvariant.50x.s44	gpu_only	87	21.50	91.00	18.00	
ZY_GeneMind_NA12878.grch38.deepvariant.5x.s42	concordant	46680	24.70	9.00	22.00	
ZY_GeneMind_NA12878.grch38.deepvariant.5x.s42	discordant	77	21.20	4.00	14.00	
ZY_GeneMind_NA12878.grch38.deepvariant.5x.s42	cpu_only	107	20.60	7.00	18.00	
ZY_GeneMind_NA12878.grch38.deepvariant.5x.s42	gpu_only	137	24.20	6.00	21.00	
ZY_GeneMind_NA12878.grch38.deepvariant.5x.s43	concordant	46604	24.70	9.00	22.00	
ZY_GeneMind_NA12878.grch38.deepvariant.5x.s43	discordant	63	22.10	4.00	16.00	
ZY_GeneMind_NA12878.grch38.deepvariant.5x.s43	cpu_only	113	20.70	7.00	18.00	
ZY_GeneMind_NA12878.grch38.deepvariant.5x.s43	gpu_only	137	23.90	6.00	21.00	
ZY_GeneMind_NA12878.grch38.deepvariant.5x.s44	concordant	46493	24.70	9.00	22.00	
ZY_GeneMind_NA12878.grch38.deepvariant.5x.s44	discordant	66	21.65	5.00	14.00	
ZY_GeneMind_NA12878.grch38.deepvariant.5x.s44	cpu_only	102	21.55	8.00	19.00	
ZY_GeneMind_NA12878.grch38.deepvariant.5x.s44	gpu_only	117	22.10	7.00	19.00	
ZY_GeneMind_NA12878.grch38.deepvariant.full.s0	concordant	57544	24.80	520.00	22.00	
ZY_GeneMind_NA12878.grch38.deepvariant.full.s0	discordant	24	22.50	230.00	18.00	
ZY_GeneMind_NA12878.grch38.deepvariant.full.s0	cpu_only	152	19.40	319.50	17.00	
ZY_GeneMind_NA12878.grch38.deepvariant.full.s0	gpu_only	144	21.25	230.50	19.00	
ZY_GeneMind_NA12878.grch38.gatk4_hc.100x.s42	concordant	61186	2476.62	149.00	99.00	
ZY_GeneMind_NA12878.grch38.gatk4_hc.100x.s42	discordant	9	559.97	28.00	73.00	
ZY_GeneMind_NA12878.grch38.gatk4_hc.100x.s42	cpu_only	120	165.62	41.00	99.00	
ZY_GeneMind_NA12878.grch38.gatk4_hc.100x.s42	gpu_only	98	494.04	61.00	99.00	
ZY_GeneMind_NA12878.grch38.gatk4_hc.100x.s43	concordant	61064	2473.64	149.00	99.00	
ZY_GeneMind_NA12878.grch38.gatk4_hc.100x.s43	discordant	11	4885.01	123.00	61.00	
ZY_GeneMind_NA12878.grch38.gatk4_hc.100x.s43	cpu_only	117	151.64	51.00	99.00	
ZY_GeneMind_NA12878.grch38.gatk4_hc.100x.s43	gpu_only	110	209.64	43.00	98.00	
ZY_GeneMind_NA12878.grch38.gatk4_hc.100x.s44	concordant	61118	2479.64	149.00	99.00	
ZY_GeneMind_NA12878.grch38.gatk4_hc.100x.s44	discordant	19	727.06	29.00	35.00	
ZY_GeneMind_NA12878.grch38.gatk4_hc.100x.s44	cpu_only	145	171.60	82.00	99.00	
ZY_GeneMind_NA12878.grch38.gatk4_hc.100x.s44	gpu_only	144	278.52	57.00	99.00	
ZY_GeneMind_NA12878.grch38.gatk4_hc.10x.s42	concordant	54811	286.64	17.00	96.00	
ZY_GeneMind_NA12878.grch38.gatk4_hc.10x.s42	discordant	15	302.03	10.00	13.00	
ZY_GeneMind_NA12878.grch38.gatk4_hc.10x.s42	cpu_only	162	50.12	14.00	42.50	
ZY_GeneMind_NA12878.grch38.gatk4_hc.10x.s42	gpu_only	124	78.32	9.00	47.00	
ZY_GeneMind_NA12878.grch38.gatk4_hc.10x.s43	concordant	54793	287.64	17.00	96.00	
ZY_GeneMind_NA12878.grch38.gatk4_hc.10x.s43	discordant	24	153.31	8.00	14.50	
ZY_GeneMind_NA12878.grch38.gatk4_hc.10x.s43	cpu_only	121	58.71	13.00	40.00	
ZY_GeneMind_NA12878.grch38.gatk4_hc.10x.s43	gpu_only	113	66.84	7.00	48.00	
ZY_GeneMind_NA12878.grch38.gatk4_hc.10x.s44	concordant	54890	287.64	17.00	96.00	
ZY_GeneMind_NA12878.grch38.gatk4_hc.10x.s44	discordant	16	192.31	8.00	4.00	
ZY_GeneMind_NA12878.grch38.gatk4_hc.10x.s44	cpu_only	131	47.64	14.00	41.00	
ZY_GeneMind_NA12878.grch38.gatk4_hc.10x.s44	gpu_only	119	64.64	9.00	57.00	
ZY_GeneMind_NA12878.grch38.gatk4_hc.15x.s42	concordant	57310	413.64	24.00	99.00	
ZY_GeneMind_NA12878.grch38.gatk4_hc.15x.s42	discordant	14	267.31	12.00	13.00	
ZY_GeneMind_NA12878.grch38.gatk4_hc.15x.s42	cpu_only	172	58.14	14.00	45.50	
ZY_GeneMind_NA12878.grch38.gatk4_hc.15x.s42	gpu_only	122	101.81	9.00	49.00	
ZY_GeneMind_NA12878.grch38.gatk4_hc.15x.s43	concordant	57179	414.64	25.00	99.00	
ZY_GeneMind_NA12878.grch38.gatk4_hc.15x.s43	discordant	19	274.03	14.00	32.00	
ZY_GeneMind_NA12878.grch38.gatk4_hc.15x.s43	cpu_only	160	68.58	16.00	55.00	
ZY_GeneMind_NA12878.grch38.gatk4_hc.15x.s43	gpu_only	124	81.12	11.00	44.00	
ZY_GeneMind_NA12878.grch38.gatk4_hc.15x.s44	concordant	57226	414.64	24.00	99.00	
ZY_GeneMind_NA12878.grch38.gatk4_hc.15x.s44	discordant	14	180.51	6.50	11.00	
ZY_GeneMind_NA12878.grch38.gatk4_hc.15x.s44	cpu_only	115	52.64	15.00	46.00	
ZY_GeneMind_NA12878.grch38.gatk4_hc.15x.s44	gpu_only	88	58.10	8.00	50.00	
ZY_GeneMind_NA12878.grch38.gatk4_hc.200x.s42	concordant	61714	4607.64	278.00	99.00	
ZY_GeneMind_NA12878.grch38.gatk4_hc.200x.s42	discordant	8	1191.49	33.00	56.00	
ZY_GeneMind_NA12878.grch38.gatk4_hc.200x.s42	cpu_only	127	161.64	191.00	99.00	
ZY_GeneMind_NA12878.grch38.gatk4_hc.200x.s42	gpu_only	90	1064.54	80.50	99.00	
ZY_GeneMind_NA12878.grch38.gatk4_hc.200x.s43	concordant	61661	4598.64	278.00	99.00	
ZY_GeneMind_NA12878.grch38.gatk4_hc.200x.s43	discordant	12	4563.02	155.50	67.50	
ZY_GeneMind_NA12878.grch38.gatk4_hc.200x.s43	cpu_only	130	212.64	137.50	99.00	
ZY_GeneMind_NA12878.grch38.gatk4_hc.200x.s43	gpu_only	113	709.64	178.00	99.00	
ZY_GeneMind_NA12878.grch38.gatk4_hc.200x.s44	concordant	61598	4618.12	278.00	99.00	
ZY_GeneMind_NA12878.grch38.gatk4_hc.200x.s44	discordant	14	1746.52	73.50	95.00	
ZY_GeneMind_NA12878.grch38.gatk4_hc.200x.s44	cpu_only	139	146.64	110.00	99.00	
ZY_GeneMind_NA12878.grch38.gatk4_hc.200x.s44	gpu_only	160	486.81	188.50	99.00	
ZY_GeneMind_NA12878.grch38.gatk4_hc.30x.s42	concordant	59493	795.64	47.00	99.00	
ZY_GeneMind_NA12878.grch38.gatk4_hc.30x.s42	discordant	12	266.01	11.00	9.00	
ZY_GeneMind_NA12878.grch38.gatk4_hc.30x.s42	cpu_only	126	103.14	27.00	74.50	
ZY_GeneMind_NA12878.grch38.gatk4_hc.30x.s42	gpu_only	154	167.37	17.00	63.00	
ZY_GeneMind_NA12878.grch38.gatk4_hc.30x.s43	concordant	59551	796.60	48.00	99.00	
ZY_GeneMind_NA12878.grch38.gatk4_hc.30x.s43	discordant	10	165.56	7.50	17.50	
ZY_GeneMind_NA12878.grch38.gatk4_hc.30x.s43	cpu_only	125	69.94	27.00	63.00	
ZY_GeneMind_NA12878.grch38.gatk4_hc.30x.s43	gpu_only	162	105.60	16.00	63.00	
ZY_GeneMind_NA12878.grch38.gatk4_hc.30x.s44	concordant	59462	796.60	47.00	99.00	
ZY_GeneMind_NA12878.grch38.gatk4_hc.30x.s44	discordant	13	195.96	8.00	18.00	
ZY_GeneMind_NA12878.grch38.gatk4_hc.30x.s44	cpu_only	133	88.64	31.00	58.00	
ZY_GeneMind_NA12878.grch38.gatk4_hc.30x.s44	gpu_only	129	121.84	14.00	62.00	
ZY_GeneMind_NA12878.grch38.gatk4_hc.50x.s42	concordant	60390	1293.64	77.00	99.00	
ZY_GeneMind_NA12878.grch38.gatk4_hc.50x.s42	discordant	15	493.86	14.00	15.00	
ZY_GeneMind_NA12878.grch38.gatk4_hc.50x.s42	cpu_only	150	138.31	28.00	99.00	
ZY_GeneMind_NA12878.grch38.gatk4_hc.50x.s42	gpu_only	125	186.02	26.00	74.00	
ZY_GeneMind_NA12878.grch38.gatk4_hc.50x.s43	concordant	60299	1293.06	78.00	99.00	
ZY_GeneMind_NA12878.grch38.gatk4_hc.50x.s43	discordant	12	830.99	26.50	24.50	
ZY_GeneMind_NA12878.grch38.gatk4_hc.50x.s43	cpu_only	129	94.64	42.00	91.00	
ZY_GeneMind_NA12878.grch38.gatk4_hc.50x.s43	gpu_only	150	140.64	29.00	72.00	
ZY_GeneMind_NA12878.grch38.gatk4_hc.50x.s44	concordant	60307	1301.64	77.00	99.00	
ZY_GeneMind_NA12878.grch38.gatk4_hc.50x.s44	discordant	10	206.00	8.00	23.50	
ZY_GeneMind_NA12878.grch38.gatk4_hc.50x.s44	cpu_only	117	106.64	38.00	63.00	
ZY_GeneMind_NA12878.grch38.gatk4_hc.50x.s44	gpu_only	127	108.02	16.00	67.00	
ZY_GeneMind_NA12878.grch38.gatk4_hc.5x.s42	concordant	47200	164.96	9.00	51.00	
ZY_GeneMind_NA12878.grch38.gatk4_hc.5x.s42	discordant	21	329.06	13.00	2.00	
ZY_GeneMind_NA12878.grch38.gatk4_hc.5x.s42	cpu_only	102	40.60	9.00	39.00	
ZY_GeneMind_NA12878.grch38.gatk4_hc.5x.s42	gpu_only	132	59.96	5.00	24.00	
ZY_GeneMind_NA12878.grch38.gatk4_hc.5x.s43	concordant	47048	164.64	9.00	51.00	
ZY_GeneMind_NA12878.grch38.gatk4_hc.5x.s43	discordant	22	123.12	5.00	21.50	
ZY_GeneMind_NA12878.grch38.gatk4_hc.5x.s43	cpu_only	151	59.80	7.00	39.00	
ZY_GeneMind_NA12878.grch38.gatk4_hc.5x.s43	gpu_only	115	54.32	4.00	34.00	
ZY_GeneMind_NA12878.grch38.gatk4_hc.5x.s44	concordant	46992	165.96	9.00	51.00	
ZY_GeneMind_NA12878.grch38.gatk4_hc.5x.s44	discordant	11	89.84	6.00	8.00	
ZY_GeneMind_NA12878.grch38.gatk4_hc.5x.s44	cpu_only	124	37.64	7.50	39.00	
ZY_GeneMind_NA12878.grch38.gatk4_hc.5x.s44	gpu_only	122	67.64	5.00	45.50	
ZY_GeneMind_NA12878.grch38.gatk4_hc.full.s0	concordant	62051	11931.10	722.00	99.00	
ZY_GeneMind_NA12878.grch38.gatk4_hc.full.s0	discordant	16	3146.53	131.00	43.50	
ZY_GeneMind_NA12878.grch38.gatk4_hc.full.s0	cpu_only	198	471.12	414.00	99.00	
ZY_GeneMind_NA12878.grch38.gatk4_hc.full.s0	gpu_only	165	1258.02	239.00	99.00	
ZY_Illumina_NA12878.grch38.deepvariant.100x.s42	concordant	56472	24.80	132.00	22.00	
ZY_Illumina_NA12878.grch38.deepvariant.100x.s42	discordant	11	20.00	32.00	11.00	
ZY_Illumina_NA12878.grch38.deepvariant.100x.s42	cpu_only	88	16.30	120.00	14.00	
ZY_Illumina_NA12878.grch38.deepvariant.100x.s42	gpu_only	89	18.90	122.00	17.00	
ZY_Illumina_NA12878.grch38.deepvariant.100x.s43	concordant	56543	24.80	132.00	22.00	
ZY_Illumina_NA12878.grch38.deepvariant.100x.s43	discordant	14	22.05	48.50	15.50	
ZY_Illumina_NA12878.grch38.deepvariant.100x.s43	cpu_only	68	18.95	139.00	16.50	
ZY_Illumina_NA12878.grch38.deepvariant.100x.s43	gpu_only	94	15.20	122.00	14.00	
ZY_Illumina_NA12878.grch38.deepvariant.100x.s44	concordant	56428	24.80	132.00	22.00	
ZY_Illumina_NA12878.grch38.deepvariant.100x.s44	discordant	24	20.95	45.50	12.00	
ZY_Illumina_NA12878.grch38.deepvariant.100x.s44	cpu_only	89	19.80	123.00	17.00	
ZY_Illumina_NA12878.grch38.deepvariant.100x.s44	gpu_only	83	19.40	151.00	18.00	
ZY_Illumina_NA12878.grch38.deepvariant.10x.s42	concordant	49824	24.70	16.00	22.00	
ZY_Illumina_NA12878.grch38.deepvariant.10x.s42	discordant	24	22.00	4.00	12.50	
ZY_Illumina_NA12878.grch38.deepvariant.10x.s42	cpu_only	43	21.90	16.00	18.00	
ZY_Illumina_NA12878.grch38.deepvariant.10x.s42	gpu_only	64	23.55	9.00	21.00	
ZY_Illumina_NA12878.grch38.deepvariant.10x.s43	concordant	49974	24.70	16.00	22.00	
ZY_Illumina_NA12878.grch38.deepvariant.10x.s43	discordant	10	19.55	8.00	9.00	
ZY_Illumina_NA12878.grch38.deepvariant.10x.s43	cpu_only	50	24.30	11.50	21.00	
ZY_Illumina_NA12878.grch38.deepvariant.10x.s43	gpu_only	57	24.50	9.00	21.00	
ZY_Illumina_NA12878.grch38.deepvariant.10x.s44	concordant	50079	24.70	16.00	22.00	
ZY_Illumina_NA12878.grch38.deepvariant.10x.s44	discordant	16	22.10	5.00	11.50	
ZY_Illumina_NA12878.grch38.deepvariant.10x.s44	cpu_only	48	24.30	10.50	21.00	
ZY_Illumina_NA12878.grch38.deepvariant.10x.s44	gpu_only	75	24.40	10.00	21.00	
ZY_Illumina_NA12878.grch38.deepvariant.15x.s42	concordant	52426	24.80	23.00	22.00	
ZY_Illumina_NA12878.grch38.deepvariant.15x.s42	discordant	16	22.00	5.00	16.00	
ZY_Illumina_NA12878.grch38.deepvariant.15x.s42	cpu_only	45	24.00	14.00	21.00	
ZY_Illumina_NA12878.grch38.deepvariant.15x.s42	gpu_only	70	23.20	14.00	21.00	
ZY_Illumina_NA12878.grch38.deepvariant.15x.s43	concordant	52480	24.80	23.00	22.00	
ZY_Illumina_NA12878.grch38.deepvariant.15x.s43	discordant	17	19.90	5.00	12.00	
ZY_Illumina_NA12878.grch38.deepvariant.15x.s43	cpu_only	52	14.20	25.00	13.00	
ZY_Illumina_NA12878.grch38.deepvariant.15x.s43	gpu_only	67	24.20	15.00	21.00	
ZY_Illumina_NA12878.grch38.deepvariant.15x.s44	concordant	52476	24.80	23.00	22.00	
ZY_Illumina_NA12878.grch38.deepvariant.15x.s44	discordant	19	20.90	11.00	14.00	
ZY_Illumina_NA12878.grch38.deepvariant.15x.s44	cpu_only	58	20.75	15.50	16.50	
ZY_Illumina_NA12878.grch38.deepvariant.15x.s44	gpu_only	70	24.30	11.50	21.00	
ZY_Illumina_NA12878.grch38.deepvariant.200x.s42	concordant	56870	24.80	229.00	22.00	
ZY_Illumina_NA12878.grch38.deepvariant.200x.s42	discordant	23	20.80	103.00	16.00	
ZY_Illumina_NA12878.grch38.deepvariant.200x.s42	cpu_only	115	15.50	166.00	13.00	
ZY_Illumina_NA12878.grch38.deepvariant.200x.s42	gpu_only	90	17.30	232.00	16.00	
ZY_Illumina_NA12878.grch38.deepvariant.200x.s43	concordant	56882	24.80	229.00	22.00	
ZY_Illumina_NA12878.grch38.deepvariant.200x.s43	discordant	19	15.20	115.00	7.00	
ZY_Illumina_NA12878.grch38.deepvariant.200x.s43	cpu_only	124	15.35	174.50	13.00	
ZY_Illumina_NA12878.grch38.deepvariant.200x.s43	gpu_only	117	18.10	193.00	16.00	
ZY_Illumina_NA12878.grch38.deepvariant.200x.s44	concordant	56865	24.80	229.00	22.00	
ZY_Illumina_NA12878.grch38.deepvariant.200x.s44	discordant	25	20.30	147.00	14.00	
ZY_Illumina_NA12878.grch38.deepvariant.200x.s44	cpu_only	117	17.00	176.00	15.00	
ZY_Illumina_NA12878.grch38.deepvariant.200x.s44	gpu_only	108	21.00	211.50	18.00	
ZY_Illumina_NA12878.grch38.deepvariant.30x.s1	concordant	54871	24.80	43.00	22.00	
ZY_Illumina_NA12878.grch38.deepvariant.30x.s1	discordant	15	18.90	6.00	8.00	
ZY_Illumina_NA12878.grch38.deepvariant.30x.s1	cpu_only	74	22.35	31.00	20.00	
ZY_Illumina_NA12878.grch38.deepvariant.30x.s1	gpu_only	52	16.90	31.50	16.00	
ZY_Illumina_NA12878.grch38.deepvariant.30x.s42	concordant	54877	24.80	43.00	22.00	
ZY_Illumina_NA12878.grch38.deepvariant.30x.s42	discordant	17	15.70	20.00	9.00	
ZY_Illumina_NA12878.grch38.deepvariant.30x.s42	cpu_only	65	14.10	25.00	13.00	
ZY_Illumina_NA12878.grch38.deepvariant.30x.s42	gpu_only	65	23.80	21.00	19.00	
ZY_Illumina_NA12878.grch38.deepvariant.30x.s43	concordant	54801	24.80	43.00	22.00	
ZY_Illumina_NA12878.grch38.deepvariant.30x.s43	discordant	11	19.40	9.00	10.00	
ZY_Illumina_NA12878.grch38.deepvariant.30x.s43	cpu_only	56	18.90	41.50	17.00	
ZY_Illumina_NA12878.grch38.deepvariant.30x.s43	gpu_only	60	18.70	23.00	16.50	
ZY_Illumina_NA12878.grch38.deepvariant.30x.s44	concordant	54910	24.80	43.00	22.00	
ZY_Illumina_NA12878.grch38.deepvariant.30x.s44	discordant	16	21.75	11.00	15.00	
ZY_Illumina_NA12878.grch38.deepvariant.30x.s44	cpu_only	48	20.00	30.50	18.00	
ZY_Illumina_NA12878.grch38.deepvariant.30x.s44	gpu_only	50	21.60	17.00	17.00	
ZY_Illumina_NA12878.grch38.deepvariant.50x.s42	concordant	55682	24.80	70.00	22.00	
ZY_Illumina_NA12878.grch38.deepvariant.50x.s42	discordant	16	19.55	41.00	7.50	
ZY_Illumina_NA12878.grch38.deepvariant.50x.s42	cpu_only	76	13.75	48.50	13.00	
ZY_Illumina_NA12878.grch38.deepvariant.50x.s42	gpu_only	91	16.60	38.00	14.00	
ZY_Illumina_NA12878.grch38.deepvariant.50x.s43	concordant	55791	24.80	70.00	22.00	
ZY_Illumina_NA12878.grch38.deepvariant.50x.s43	discordant	15	23.50	33.00	20.00	
ZY_Illumina_NA12878.grch38.deepvariant.50x.s43	cpu_only	79	17.10	94.00	16.00	
ZY_Illumina_NA12878.grch38.deepvariant.50x.s43	gpu_only	76	15.45	57.00	14.00	
ZY_Illumina_NA12878.grch38.deepvariant.50x.s44	concordant	55782	24.80	70.00	22.00	
ZY_Illumina_NA12878.grch38.deepvariant.50x.s44	discordant	14	24.10	24.50	19.50	
ZY_Illumina_NA12878.grch38.deepvariant.50x.s44	cpu_only	68	20.90	40.00	18.00	
ZY_Illumina_NA12878.grch38.deepvariant.50x.s44	gpu_only	57	20.70	66.00	18.00	
ZY_Illumina_NA12878.grch38.deepvariant.5x.s42	concordant	42774	24.70	9.00	22.00	
ZY_Illumina_NA12878.grch38.deepvariant.5x.s42	discordant	16	19.90	5.00	10.00	
ZY_Illumina_NA12878.grch38.deepvariant.5x.s42	cpu_only	74	19.95	7.00	18.00	
ZY_Illumina_NA12878.grch38.deepvariant.5x.s42	gpu_only	79	23.80	6.00	21.00	
ZY_Illumina_NA12878.grch38.deepvariant.5x.s43	concordant	43019	24.70	9.00	22.00	
ZY_Illumina_NA12878.grch38.deepvariant.5x.s43	discordant	26	20.05	5.50	10.50	
ZY_Illumina_NA12878.grch38.deepvariant.5x.s43	cpu_only	86	24.50	9.00	21.00	
ZY_Illumina_NA12878.grch38.deepvariant.5x.s43	gpu_only	95	24.60	9.00	22.00	
ZY_Illumina_NA12878.grch38.deepvariant.5x.s44	concordant	42969	24.70	9.00	22.00	
ZY_Illumina_NA12878.grch38.deepvariant.5x.s44	discordant	23	19.20	5.00	7.00	
ZY_Illumina_NA12878.grch38.deepvariant.5x.s44	cpu_only	55	24.40	10.00	21.00	
ZY_Illumina_NA12878.grch38.deepvariant.5x.s44	gpu_only	63	24.40	6.00	21.00	
ZY_Illumina_NA12878.grch38.deepvariant.full.s0	concordant	57214	24.80	421.00	22.00	
ZY_Illumina_NA12878.grch38.deepvariant.full.s0	discordant	28	22.80	337.00	17.00	
ZY_Illumina_NA12878.grch38.deepvariant.full.s0	cpu_only	132	18.85	286.00	17.00	
ZY_Illumina_NA12878.grch38.deepvariant.full.s0	gpu_only	142	19.85	352.50	17.50	
ZY_Illumina_NA12878.grch38.gatk4_hc.100x.s42	concordant	60204	2259.05	128.00	99.00	
ZY_Illumina_NA12878.grch38.gatk4_hc.100x.s42	discordant	16	958.02	26.00	36.50	
ZY_Illumina_NA12878.grch38.gatk4_hc.100x.s42	cpu_only	149	190.60	66.00	99.00	
ZY_Illumina_NA12878.grch38.gatk4_hc.100x.s42	gpu_only	216	156.62	72.00	99.00	
ZY_Illumina_NA12878.grch38.gatk4_hc.100x.s43	concordant	60211	2258.64	128.00	99.00	
ZY_Illumina_NA12878.grch38.gatk4_hc.100x.s43	discordant	19	308.01	12.00	36.00	
ZY_Illumina_NA12878.grch38.gatk4_hc.100x.s43	cpu_only	125	96.64	60.00	73.00	
ZY_Illumina_NA12878.grch38.gatk4_hc.100x.s43	gpu_only	161	124.63	69.00	99.00	
ZY_Illumina_NA12878.grch38.gatk4_hc.100x.s44	concordant	60153	2256.64	128.00	99.00	
ZY_Illumina_NA12878.grch38.gatk4_hc.100x.s44	discordant	15	197.64	9.00	12.00	
ZY_Illumina_NA12878.grch38.gatk4_hc.100x.s44	cpu_only	119	118.02	38.00	84.00	
ZY_Illumina_NA12878.grch38.gatk4_hc.100x.s44	gpu_only	197	145.64	69.00	87.00	
ZY_Illumina_NA12878.grch38.gatk4_hc.10x.s42	concordant	50844	288.64	16.00	94.00	
ZY_Illumina_NA12878.grch38.gatk4_hc.10x.s42	discordant	11	103.64	4.00	15.00	
ZY_Illumina_NA12878.grch38.gatk4_hc.10x.s42	cpu_only	73	65.32	13.00	39.00	
ZY_Illumina_NA12878.grch38.gatk4_hc.10x.s42	gpu_only	190	68.98	7.00	44.00	
ZY_Illumina_NA12878.grch38.gatk4_hc.10x.s43	concordant	51047	287.64	16.00	96.00	
ZY_Illumina_NA12878.grch38.gatk4_hc.10x.s43	discordant	13	110.84	3.00	9.00	
ZY_Illumina_NA12878.grch38.gatk4_hc.10x.s43	cpu_only	91	61.64	10.00	40.00	
ZY_Illumina_NA12878.grch38.gatk4_hc.10x.s43	gpu_only	128	56.12	7.00	45.00	
ZY_Illumina_NA12878.grch38.gatk4_hc.10x.s44	concordant	51071	285.64	16.00	95.00	
ZY_Illumina_NA12878.grch38.gatk4_hc.10x.s44	discordant	15	111.92	5.00	6.00	
ZY_Illumina_NA12878.grch38.gatk4_hc.10x.s44	cpu_only	74	61.64	11.00	42.00	
ZY_Illumina_NA12878.grch38.gatk4_hc.10x.s44	gpu_only	187	67.64	8.00	52.00	
ZY_Illumina_NA12878.grch38.gatk4_hc.15x.s42	concordant	53892	404.64	23.00	99.00	
ZY_Illumina_NA12878.grch38.gatk4_hc.15x.s42	discordant	10	158.04	5.00	4.00	
ZY_Illumina_NA12878.grch38.gatk4_hc.15x.s42	cpu_only	65	65.64	14.00	45.00	
ZY_Illumina_NA12878.grch38.gatk4_hc.15x.s42	gpu_only	163	78.32	9.00	57.00	
ZY_Illumina_NA12878.grch38.gatk4_hc.15x.s43	concordant	54019	403.64	23.00	99.00	
ZY_Illumina_NA12878.grch38.gatk4_hc.15x.s43	discordant	30	207.83	6.00	13.00	
ZY_Illumina_NA12878.grch38.gatk4_hc.15x.s43	cpu_only	75	74.32	14.00	51.00	
ZY_Illumina_NA12878.grch38.gatk4_hc.15x.s43	gpu_only	119	58.64	10.00	51.00	
ZY_Illumina_NA12878.grch38.gatk4_hc.15x.s44	concordant	54093	402.64	22.00	99.00	
ZY_Illumina_NA12878.grch38.gatk4_hc.15x.s44	discordant	7	139.93	6.00	6.00	
ZY_Illumina_NA12878.grch38.gatk4_hc.15x.s44	cpu_only	77	60.64	14.00	45.00	
ZY_Illumina_NA12878.grch38.gatk4_hc.15x.s44	gpu_only	150	58.64	9.50	48.00	
ZY_Illumina_NA12878.grch38.gatk4_hc.200x.s42	concordant	61004	4150.35	236.00	99.00	
ZY_Illumina_NA12878.grch38.gatk4_hc.200x.s42	discordant	9	881.02	43.00	30.00	
ZY_Illumina_NA12878.grch38.gatk4_hc.200x.s42	cpu_only	116	113.62	161.00	98.00	
ZY_Illumina_NA12878.grch38.gatk4_hc.200x.s42	gpu_only	137	520.64	162.00	99.00	
ZY_Illumina_NA12878.grch38.gatk4_hc.200x.s43	concordant	61108	4149.14	237.00	99.00	
ZY_Illumina_NA12878.grch38.gatk4_hc.200x.s43	discordant	9	547.77	31.00	50.00	
ZY_Illumina_NA12878.grch38.gatk4_hc.200x.s43	cpu_only	87	169.87	78.00	99.00	
ZY_Illumina_NA12878.grch38.gatk4_hc.200x.s43	gpu_only	100	236.62	109.00	99.00	
ZY_Illumina_NA12878.grch38.gatk4_hc.200x.s44	concordant	61135	4138.06	236.00	99.00	
ZY_Illumina_NA12878.grch38.gatk4_hc.200x.s44	discordant	11	536.02	23.00	35.00	
ZY_Illumina_NA12878.grch38.gatk4_hc.200x.s44	cpu_only	90	266.64	115.50	99.00	
ZY_Illumina_NA12878.grch38.gatk4_hc.200x.s44	gpu_only	103	353.64	119.00	99.00	
ZY_Illumina_NA12878.grch38.gatk4_hc.30x.s1	concordant	57359	748.64	42.00	99.00	
ZY_Illumina_NA12878.grch38.gatk4_hc.30x.s1	discordant	18	198.63	8.00	15.00	
ZY_Illumina_NA12878.grch38.gatk4_hc.30x.s1	cpu_only	110	94.12	19.00	58.50	
ZY_Illumina_NA12878.grch38.gatk4_hc.30x.s1	gpu_only	189	93.60	21.00	57.00	
ZY_Illumina_NA12878.grch38.gatk4_hc.30x.s42	concordant	57360	747.85	42.00	99.00	
ZY_Illumina_NA12878.grch38.gatk4_hc.30x.s42	discordant	17	262.97	9.00	33.00	
ZY_Illumina_NA12878.grch38.gatk4_hc.30x.s42	cpu_only	81	63.64	14.00	56.00	
ZY_Illumina_NA12878.grch38.gatk4_hc.30x.s42	gpu_only	205	102.60	17.00	70.00	
ZY_Illumina_NA12878.grch38.gatk4_hc.30x.s43	concordant	57337	752.06	42.00	99.00	
ZY_Illumina_NA12878.grch38.gatk4_hc.30x.s43	discordant	12	261.89	9.50	15.00	
ZY_Illumina_NA12878.grch38.gatk4_hc.30x.s43	cpu_only	112	66.12	22.00	51.00	
ZY_Illumina_NA12878.grch38.gatk4_hc.30x.s43	gpu_only	165	114.60	26.00	69.00	
ZY_Illumina_NA12878.grch38.gatk4_hc.30x.s44	concordant	57384	753.06	42.00	99.00	
ZY_Illumina_NA12878.grch38.gatk4_hc.30x.s44	discordant	7	221.86	10.00	9.00	
ZY_Illumina_NA12878.grch38.gatk4_hc.30x.s44	cpu_only	87	78.28	21.00	57.00	
ZY_Illumina_NA12878.grch38.gatk4_hc.30x.s44	gpu_only	149	78.32	12.00	48.00	
ZY_Illumina_NA12878.grch38.gatk4_hc.50x.s42	concordant	58828	1195.64	67.00	99.00	
ZY_Illumina_NA12878.grch38.gatk4_hc.50x.s42	discordant	7	489.02	23.00	35.00	
ZY_Illumina_NA12878.grch38.gatk4_hc.50x.s42	cpu_only	123	100.00	35.00	70.00	
ZY_Illumina_NA12878.grch38.gatk4_hc.50x.s42	gpu_only	170	125.12	36.00	84.00	
ZY_Illumina_NA12878.grch38.gatk4_hc.50x.s43	concordant	58891	1198.60	68.00	99.00	
ZY_Illumina_NA12878.grch38.gatk4_hc.50x.s43	discordant	16	195.56	6.50	34.50	
ZY_Illumina_NA12878.grch38.gatk4_hc.50x.s43	cpu_only	110	84.12	28.00	67.50	
ZY_Illumina_NA12878.grch38.gatk4_hc.50x.s43	gpu_only	200	88.64	34.00	70.50	
ZY_Illumina_NA12878.grch38.gatk4_hc.50x.s44	concordant	58907	1195.64	68.00	99.00	
ZY_Illumina_NA12878.grch38.gatk4_hc.50x.s44	discordant	12	431.04	13.50	47.50	
ZY_Illumina_NA12878.grch38.gatk4_hc.50x.s44	cpu_only	118	98.10	27.50	71.50	
ZY_Illumina_NA12878.grch38.gatk4_hc.50x.s44	gpu_only	199	107.64	41.00	87.00	
ZY_Illumina_NA12878.grch38.gatk4_hc.5x.s42	concordant	42900	168.64	9.00	54.00	
ZY_Illumina_NA12878.grch38.gatk4_hc.5x.s42	discordant	8	169.23	6.00	6.50	
ZY_Illumina_NA12878.grch38.gatk4_hc.5x.s42	cpu_only	46	46.64	5.00	32.00	
ZY_Illumina_NA12878.grch38.gatk4_hc.5x.s42	gpu_only	157	59.32	5.00	40.00	
ZY_Illumina_NA12878.grch38.gatk4_hc.5x.s43	concordant	43280	170.04	9.00	54.00	
ZY_Illumina_NA12878.grch38.gatk4_hc.5x.s43	discordant	7	196.64	7.00	21.00	
ZY_Illumina_NA12878.grch38.gatk4_hc.5x.s43	cpu_only	82	35.44	6.00	38.00	
ZY_Illumina_NA12878.grch38.gatk4_hc.5x.s43	gpu_only	98	49.98	4.00	34.50	
ZY_Illumina_NA12878.grch38.gatk4_hc.5x.s44	concordant	43156	168.64	9.00	54.00	
ZY_Illumina_NA12878.grch38.gatk4_hc.5x.s44	discordant	14	98.30	5.00	13.00	
ZY_Illumina_NA12878.grch38.gatk4_hc.5x.s44	cpu_only	61	56.64	5.00	38.00	
ZY_Illumina_NA12878.grch38.gatk4_hc.5x.s44	gpu_only	193	69.97	6.00	37.00	
ZY_Illumina_NA12878.grch38.gatk4_hc.full.s0	concordant	61923	10040.10	574.00	99.00	
ZY_Illumina_NA12878.grch38.gatk4_hc.full.s0	discordant	8	887.52	19.50	40.00	
ZY_Illumina_NA12878.grch38.gatk4_hc.full.s0	cpu_only	158	297.64	229.00	99.00	
ZY_Illumina_NA12878.grch38.gatk4_hc.full.s0	gpu_only	132	667.62	273.50	99.00	
