label	type	cpu_total	gpu_total	shared	concordant	discordant	cpu_only	gpu_only
ZY_BGI_NA12878.grch38.deepvariant.100x.s42	SNV	51927	51914	51843	51829	14	84	71
ZY_BGI_NA12878.grch38.deepvariant.100x.s42	INDEL	4829	4856	4779	4768	11	50	77
ZY_BGI_NA12878.grch38.deepvariant.100x.s42	ALL	56756	56770	56622	56597	25	134	148
ZY_BGI_NA12878.grch38.deepvariant.100x.s43	SNV	51969	51953	51893	51876	17	76	60
ZY_BGI_NA12878.grch38.deepvariant.100x.s43	INDEL	4814	4859	4774	4767	7	40	85
ZY_BGI_NA12878.grch38.deepvariant.100x.s43	ALL	56783	56812	56667	56643	24	116	145
ZY_BGI_NA12878.grch38.deepvariant.100x.s44	SNV	51929	51918	51854	51840	14	75	64
ZY_BGI_NA12878.grch38.deepvariant.100x.s44	INDEL	4822	4860	4780	4772	8	42	80
ZY_BGI_NA12878.grch38.deepvariant.100x.s44	ALL	56751	56778	56634	56612	22	117	144
ZY_BGI_NA12878.grch38.deepvariant.10x.s42	SNV	49425	49449	49370	49355	15	55	79
ZY_BGI_NA12878.grch38.deepvariant.10x.s42	INDEL	3591	3603	3572	3569	3	19	31
ZY_BGI_NA12878.grch38.deepvariant.10x.s42	ALL	53016	53052	52942	52924	18	74	110
ZY_BGI_NA12878.grch38.deepvariant.10x.s43	SNV	49611	49617	49537	49515	22	74	80
ZY_BGI_NA12878.grch38.deepvariant.10x.s43	INDEL	3584	3592	3563	3562	1	21	29
ZY_BGI_NA12878.grch38.deepvariant.10x.s43	ALL	53195	53209	53100	53077	23	95	109
ZY_BGI_NA12878.grch38.deepvariant.10x.s44	SNV	49447	49430	49367	49355	12	80	63
ZY_BGI_NA12878.grch38.deepvariant.10x.s44	INDEL	3582	3588	3566	3564	2	16	22
ZY_BGI_NA12878.grch38.deepvariant.10x.s44	ALL	53029	53018	52933	52919	14	96	85
ZY_BGI_NA12878.grch38.deepvariant.15x.s42	SNV	50604	50609	50549	50535	14	55	60
ZY_BGI_NA12878.grch38.deepvariant.15x.s42	INDEL	3990	3995	3973	3972	1	17	22
ZY_BGI_NA12878.grch38.deepvariant.15x.s42	ALL	54594	54604	54522	54507	15	72	82
ZY_BGI_NA12878.grch38.deepvariant.15x.s43	SNV	50626	50645	50567	50552	15	59	78
ZY_BGI_NA12878.grch38.deepvariant.15x.s43	INDEL	3986	3990	3954	3948	6	32	36
ZY_BGI_NA12878.grch38.deepvariant.15x.s43	ALL	54612	54635	54521	54500	21	91	114
ZY_BGI_NA12878.grch38.deepvariant.15x.s44	SNV	50667	50696	50619	50602	17	48	77
ZY_BGI_NA12878.grch38.deepvariant.15x.s44	INDEL	3997	3997	3977	3971	6	20	20
ZY_BGI_NA12878.grch38.deepvariant.15x.s44	ALL	54664	54693	54596	54573	23	68	97
ZY_BGI_NA12878.grch38.deepvariant.200x.s42	SNV	52081	52088	51990	51966	24	91	98
ZY_BGI_NA12878.grch38.deepvariant.200x.s42	INDEL	4869	4910	4811	4796	15	58	99
ZY_BGI_NA12878.grch38.deepvariant.200x.s42	ALL	56950	56998	56801	56762	39	149	197
ZY_BGI_NA12878.grch38.deepvariant.200x.s43	SNV	52156	52151	52070	52054	16	86	81
ZY_BGI_NA12878.grch38.deepvariant.200x.s43	INDEL	4880	4925	4811	4791	20	69	114
ZY_BGI_NA12878.grch38.deepvariant.200x.s43	ALL	57036	57076	56881	56845	36	155	195
ZY_BGI_NA12878.grch38.deepvariant.200x.s44	SNV	52154	52140	52054	52031	23	100	86
ZY_BGI_NA12878.grch38.deepvariant.200x.s44	INDEL	4890	4935	4826	4806	20	64	109
ZY_BGI_NA12878.grch38.deepvariant.200x.s44	ALL	57044	57075	56880	56837	43	164	195
ZY_BGI_NA12878.grch38.deepvariant.30x.s42	SNV	51325	51328	51271	51263	8	54	57
ZY_BGI_NA12878.grch38.deepvariant.30x.s42	INDEL	4460	4463	4438	4434	4	22	25
ZY_BGI_NA12878.grch38.deepvariant.30x.s42	ALL	55785	55791	55709	55697	12	76	82
ZY_BGI_NA12878.grch38.deepvariant.30x.s43	SNV	51361	51369	51301	51289	12	60	68
ZY_BGI_NA12878.grch38.deepvariant.30x.s43	INDEL	4417	4426	4392	4387	5	25	34
ZY_BGI_NA12878.grch38.deepvariant.30x.s43	ALL	55778	55795	55693	55676	17	85	102
ZY_BGI_NA12878.grch38.deepvariant.30x.s44	SNV	51376	51399	51328	51317	11	48	71
ZY_BGI_NA12878.grch38.deepvariant.30x.s44	INDEL	4494	4496	4474	4468	6	20	22
ZY_BGI_NA12878.grch38.deepvariant.30x.s44	ALL	55870	55895	55802	55785	17	68	93
ZY_BGI_NA12878.grch38.deepvariant.50x.s42	SNV	51679	51669	51613	51601	12	66	56
ZY_BGI_NA12878.grch38.deepvariant.50x.s42	INDEL	4664	4691	4644	4634	10	20	47
ZY_BGI_NA12878.grch38.deepvariant.50x.s42	ALL	56343	56360	56257	56235	22	86	103
ZY_BGI_NA12878.grch38.deepvariant.50x.s43	SNV	51615	51649	51572	51565	7	43	77
ZY_BGI_NA12878.grch38.deepvariant.50x.s43	INDEL	4643	4674	4616	4611	5	27	58
ZY_BGI_NA12878.grch38.deepvariant.50x.s43	ALL	56258	56323	56188	56176	12	70	135
ZY_BGI_NA12878.grch38.deepvariant.50x.s44	SNV	51633	51649	51580	51567	13	53	69
ZY_BGI_NA12878.grch38.deepvariant.50x.s44	INDEL	4687	4701	4662	4658	4	25	39
ZY_BGI_NA12878.grch38.deepvariant.50x.s44	ALL	56320	56350	56242	56225	17	78	108
ZY_BGI_NA12878.grch38.deepvariant.5x.s42	SNV	44239	44245	44172	44149	23	67	73
ZY_BGI_NA12878.grch38.deepvariant.5x.s42	INDEL	2717	2734	2696	2690	6	21	38
ZY_BGI_NA12878.grch38.deepvariant.5x.s42	ALL	46956	46979	46868	46839	29	88	111
ZY_BGI_NA12878.grch38.deepvariant.5x.s43	SNV	43896	43953	43847	43823	24	49	106
ZY_BGI_NA12878.grch38.deepvariant.5x.s43	INDEL	2739	2739	2712	2709	3	27	27
ZY_BGI_NA12878.grch38.deepvariant.5x.s43	ALL	46635	46692	46559	46532	27	76	133
ZY_BGI_NA12878.grch38.deepvariant.5x.s44	SNV	44046	44097	43982	43963	19	64	115
ZY_BGI_NA12878.grch38.deepvariant.5x.s44	INDEL	2730	2734	2702	2699	3	28	32
ZY_BGI_NA12878.grch38.deepvariant.5x.s44	ALL	46776	46831	46684	46662	22	92	147
ZY_BGI_NA12878.grch38.deepvariant.full.s0	SNV	52442	52440	52338	52318	20	104	102
ZY_BGI_NA12878.grch38.deepvariant.full.s0	INDEL	4927	4974	4859	4831	28	68	115
ZY_BGI_NA12878.grch38.deepvariant.full.s0	ALL	57369	57414	57197	57149	48	172	217
ZY_BGI_NA12878.grch38.gatk4_hc.100x.s42	SNV	54104	54117	54055	54049	6	49	62
ZY_BGI_NA12878.grch38.gatk4_hc.100x.s42	INDEL	6738	6741	6719	6717	2	19	22
ZY_BGI_NA12878.grch38.gatk4_hc.100x.s42	ALL	60842	60858	60774	60766	8	68	84
ZY_BGI_NA12878.grch38.gatk4_hc.100x.s43	SNV	54186	54171	54126	54125	1	60	45
ZY_BGI_NA12878.grch38.gatk4_hc.100x.s43	INDEL	6768	6778	6756	6754	2	12	22
ZY_BGI_NA12878.grch38.gatk4_hc.100x.s43	ALL	60954	60949	60882	60879	3	72	67
ZY_BGI_NA12878.grch38.gatk4_hc.100x.s44	SNV	54141	54165	54104	54103	1	37	61
ZY_BGI_NA12878.grch38.gatk4_hc.100x.s44	INDEL	6741	6758	6729	6729	0	12	29
ZY_BGI_NA12878.grch38.gatk4_hc.100x.s44	ALL	60882	60923	60833	60832	1	49	90
ZY_BGI_NA12878.grch38.gatk4_hc.10x.s42	SNV	46518	46522	46481	46478	3	37	41
ZY_BGI_NA12878.grch38.gatk4_hc.10x.s42	INDEL	4330	4338	4323	4322	1	7	15
ZY_BGI_NA12878.grch38.gatk4_hc.10x.s42	ALL	50848	50860	50804	50800	4	44	56
ZY_BGI_NA12878.grch38.gatk4_hc.10x.s43	SNV	46479	46464	46442	46438	4	37	22
ZY_BGI_NA12878.grch38.gatk4_hc.10x.s43	INDEL	4295	4303	4284	4283	1	11	19
ZY_BGI_NA12878.grch38.gatk4_hc.10x.s43	ALL	50774	50767	50726	50721	5	48	41
ZY_BGI_NA12878.grch38.gatk4_hc.10x.s44	SNV	46362	46363	46319	46317	2	43	44
ZY_BGI_NA12878.grch38.gatk4_hc.10x.s44	INDEL	4320	4322	4312	4309	3	8	10
ZY_BGI_NA12878.grch38.gatk4_hc.10x.s44	ALL	50682	50685	50631	50626	5	51	54
ZY_BGI_NA12878.grch38.gatk4_hc.15x.s42	SNV	49266	49256	49229	49224	5	37	27
ZY_BGI_NA12878.grch38.gatk4_hc.15x.s42	INDEL	4947	4947	4936	4935	1	11	11
ZY_BGI_NA12878.grch38.gatk4_hc.15x.s42	ALL	54213	54203	54165	54159	6	48	38
ZY_BGI_NA12878.grch38.gatk4_hc.15x.s43	SNV	49140	49112	49098	49094	4	42	14
ZY_BGI_NA12878.grch38.gatk4_hc.15x.s43	INDEL	4864	4872	4859	4858	1	5	13
ZY_BGI_NA12878.grch38.gatk4_hc.15x.s43	ALL	54004	53984	53957	53952	5	47	27
ZY_BGI_NA12878.grch38.gatk4_hc.15x.s44	SNV	49156	49153	49120	49114	6	36	33
ZY_BGI_NA12878.grch38.gatk4_hc.15x.s44	INDEL	4956	4956	4948	4947	1	8	8
ZY_BGI_NA12878.grch38.gatk4_hc.15x.s44	ALL	54112	54109	54068	54061	7	44	41
ZY_BGI_NA12878.grch38.gatk4_hc.200x.s42	SNV	54674	54661	54614	54612	2	60	47
ZY_BGI_NA12878.grch38.gatk4_hc.200x.s42	INDEL	7079	7081	7062	7060	2	17	19
ZY_BGI_NA12878.grch38.gatk4_hc.200x.s42	ALL	61753	61742	61676	61672	4	77	66
ZY_BGI_NA12878.grch38.gatk4_hc.200x.s43	SNV	54779	54753	54706	54704	2	73	47
ZY_BGI_NA12878.grch38.gatk4_hc.200x.s43	INDEL	7022	7023	7005	7003	2	17	18
ZY_BGI_NA12878.grch38.gatk4_hc.200x.s43	ALL	61801	61776	61711	61707	4	90	65
ZY_BGI_NA12878.grch38.gatk4_hc.200x.s44	SNV	54827	54831	54774	54772	2	53	57
ZY_BGI_NA12878.grch38.gatk4_hc.200x.s44	INDEL	7092	7091	7072	7071	1	20	19
ZY_BGI_NA12878.grch38.gatk4_hc.200x.s44	ALL	61919	61922	61846	61843	3	73	76
ZY_BGI_NA12878.grch38.gatk4_hc.30x.s42	SNV	52134	52132	52095	52092	3	39	37
ZY_BGI_NA12878.grch38.gatk4_hc.30x.s42	INDEL	5781	5787	5768	5765	3	13	19
ZY_BGI_NA12878.grch38.gatk4_hc.30x.s42	ALL	57915	57919	57863	57857	6	52	56
ZY_BGI_NA12878.grch38.gatk4_hc.30x.s43	SNV	52000	51980	51961	51960	1	39	19
ZY_BGI_NA12878.grch38.gatk4_hc.30x.s43	INDEL	5801	5811	5792	5790	2	9	19
ZY_BGI_NA12878.grch38.gatk4_hc.30x.s43	ALL	57801	57791	57753	57750	3	48	38
ZY_BGI_NA12878.grch38.gatk4_hc.30x.s44	SNV	51997	51989	51951	51948	3	46	38
ZY_BGI_NA12878.grch38.gatk4_hc.30x.s44	INDEL	5838	5844	5830	5829	1	8	14
ZY_BGI_NA12878.grch38.gatk4_hc.30x.s44	ALL	57835	57833	57781	57777	4	54	52
ZY_BGI_NA12878.grch38.gatk4_hc.50x.s42	SNV	53319	53340	53284	53282	2	35	56
ZY_BGI_NA12878.grch38.gatk4_hc.50x.s42	INDEL	6282	6292	6272	6272	0	10	20
ZY_BGI_NA12878.grch38.gatk4_hc.50x.s42	ALL	59601	59632	59556	59554	2	45	76
ZY_BGI_NA12878.grch38.gatk4_hc.50x.s43	SNV	53223	53207	53179	53179	0	44	28
ZY_BGI_NA12878.grch38.gatk4_hc.50x.s43	INDEL	6345	6358	6338	6336	2	7	20
ZY_BGI_NA12878.grch38.gatk4_hc.50x.s43	ALL	59568	59565	59517	59515	2	51	48
ZY_BGI_NA12878.grch38.gatk4_hc.50x.s44	SNV	53162	53160	53127	53122	5	35	33
ZY_BGI_NA12878.grch38.gatk4_hc.50x.s44	INDEL	6333	6338	6322	6321	1	11	16
ZY_BGI_NA12878.grch38.gatk4_hc.50x.s44	ALL	59495	59498	59449	59443	6	46	49
ZY_BGI_NA12878.grch38.gatk4_hc.5x.s42	SNV	38886	38911	38851	38841	10	35	60
ZY_BGI_NA12878.grch38.gatk4_hc.5x.s42	INDEL	3145	3151	3139	3136	3	6	12
ZY_BGI_NA12878.grch38.gatk4_hc.5x.s42	ALL	42031	42062	41990	41977	13	41	72
ZY_BGI_NA12878.grch38.gatk4_hc.5x.s43	SNV	38727	38734	38682	38674	8	45	52
ZY_BGI_NA12878.grch38.gatk4_hc.5x.s43	INDEL	3138	3144	3132	3129	3	6	12
ZY_BGI_NA12878.grch38.gatk4_hc.5x.s43	ALL	41865	41878	41814	41803	11	51	64
ZY_BGI_NA12878.grch38.gatk4_hc.5x.s44	SNV	38681	38681	38644	38635	9	37	37
ZY_BGI_NA12878.grch38.gatk4_hc.5x.s44	INDEL	3163	3166	3161	3155	6	2	5
ZY_BGI_NA12878.grch38.gatk4_hc.5x.s44	ALL	41844	41847	41805	41790	15	39	42
ZY_BGI_NA12878.grch38.gatk4_hc.full.s0	SNV	55449	55470	55386	55383	3	63	84
ZY_BGI_NA12878.grch38.gatk4_hc.full.s0	INDEL	7382	7379	7355	7349	6	27	24
ZY_BGI_NA12878.grch38.gatk4_hc.full.s0	ALL	62831	62849	62741	62732	9	90	108
ZY_GeneMind_NA12878.grch38.deepvariant.100x.s42	SNV	52283	52287	52216	52197	19	67	71
ZY_GeneMind_NA12878.grch38.deepvariant.100x.s42	INDEL	4968	4969	4955	4951	4	13	14
ZY_GeneMind_NA12878.grch38.deepvariant.100x.s42	ALL	57251	57256	57171	57148	23	80	85
ZY_GeneMind_NA12878.grch38.deepvariant.100x.s43	SNV	52268	52289	52206	52183	23	62	83
ZY_GeneMind_NA12878.grch38.deepvariant.100x.s43	INDEL	4994	4988	4973	4971	2	21	15
ZY_GeneMind_NA12878.grch38.deepvariant.100x.s43	ALL	57262	57277	57179	57154	25	83	98
ZY_GeneMind_NA12878.grch38.deepvariant.100x.s44	SNV	52293	52297	52232	52217	15	61	65
ZY_GeneMind_NA12878.grch38.deepvariant.100x.s44	INDEL	4979	4972	4960	4954	6	19	12
ZY_GeneMind_NA12878.grch38.deepvariant.100x.s44	ALL	57272	57269	57192	57171	21	80	77
ZY_GeneMind_NA12878.grch38.deepvariant.10x.s42	SNV	49037	49050	48987	48955	32	50	63
ZY_GeneMind_NA12878.grch38.deepvariant.10x.s42	INDEL	4158	4178	4143	4139	4	15	35
ZY_GeneMind_NA12878.grch38.deepvariant.10x.s42	ALL	53195	53228	53130	53094	36	65	98
ZY_GeneMind_NA12878.grch38.deepvariant.10x.s43	SNV	49154	49176	49092	49066	26	62	84
ZY_GeneMind_NA12878.grch38.deepvariant.10x.s43	INDEL	4148	4167	4124	4120	4	24	43
ZY_GeneMind_NA12878.grch38.deepvariant.10x.s43	ALL	53302	53343	53216	53186	30	86	127
ZY_GeneMind_NA12878.grch38.deepvariant.10x.s44	SNV	48981	49002	48936	48915	21	45	66
ZY_GeneMind_NA12878.grch38.deepvariant.10x.s44	INDEL	4158	4179	4140	4136	4	18	39
ZY_GeneMind_NA12878.grch38.deepvariant.10x.s44	ALL	53139	53181	53076	53051	25	63	105
ZY_GeneMind_NA12878.grch38.deepvariant.15x.s42	SNV	50577	50580	50533	50511	22	44	47
ZY_GeneMind_NA12878.grch38.deepvariant.15x.s42	INDEL	4464	4484	4454	4450	4	10	30
ZY_GeneMind_NA12878.grch38.deepvariant.15x.s42	ALL	55041	55064	54987	54961	26	54	77
ZY_GeneMind_NA12878.grch38.deepvariant.15x.s43	SNV	50586	50599	50544	50534	10	42	55
ZY_GeneMind_NA12878.grch38.deepvariant.15x.s43	INDEL	4430	4431	4411	4404	7	19	20
ZY_GeneMind_NA12878.grch38.deepvariant.15x.s43	ALL	55016	55030	54955	54938	17	61	75
ZY_GeneMind_NA12878.grch38.deepvariant.15x.s44	SNV	50532	50554	50492	50472	20	40	62
ZY_GeneMind_NA12878.grch38.deepvariant.15x.s44	INDEL	4468	4467	4443	4439	4	25	24
ZY_GeneMind_NA12878.grch38.deepvariant.15x.s44	ALL	55000	55021	54935	54911	24	65	86
ZY_GeneMind_NA12878.grch38.deepvariant.200x.s42	SNV	52427	52414	52354	52335	19	73	60
ZY_GeneMind_NA12878.grch38.deepvariant.200x.s42	INDEL	5016	5012	4997	4993	4	19	15
ZY_GeneMind_NA12878.grch38.deepvariant.200x.s42	ALL	57443	57426	57351	57328	23	92	75
ZY_GeneMind_NA12878.grch38.deepvariant.200x.s43	SNV	52457	52466	52379	52355	24	78	87
ZY_GeneMind_NA12878.grch38.deepvariant.200x.s43	INDEL	5022	5012	4997	4995	2	25	15
ZY_GeneMind_NA12878.grch38.deepvariant.200x.s43	ALL	57479	57478	57376	57350	26	103	102
ZY_GeneMind_NA12878.grch38.deepvariant.200x.s44	SNV	52447	52454	52377	52350	27	70	77
ZY_GeneMind_NA12878.grch38.deepvariant.200x.s44	INDEL	5025	5017	4994	4990	4	31	23
ZY_GeneMind_NA12878.grch38.deepvariant.200x.s44	ALL	57472	57471	57371	57340	31	101	100
ZY_GeneMind_NA12878.grch38.deepvariant.30x.s42	SNV	51670	51660	51612	51597	15	58	48
ZY_GeneMind_NA12878.grch38.deepvariant.30x.s42	INDEL	4761	4765	4745	4742	3	16	20
ZY_GeneMind_NA12878.grch38.deepvariant.30x.s42	ALL	56431	56425	56357	56339	18	74	68
ZY_GeneMind_NA12878.grch38.deepvariant.30x.s43	SNV	51699	51709	51654	51640	14	45	55
ZY_GeneMind_NA12878.grch38.deepvariant.30x.s43	INDEL	4744	4745	4722	4717	5	22	23
ZY_GeneMind_NA12878.grch38.deepvariant.30x.s43	ALL	56443	56454	56376	56357	19	67	78
ZY_GeneMind_NA12878.grch38.deepvariant.30x.s44	SNV	51666	51671	51622	51607	15	44	49
ZY_GeneMind_NA12878.grch38.deepvariant.30x.s44	INDEL	4723	4735	4707	4706	1	16	28
ZY_GeneMind_NA12878.grch38.deepvariant.30x.s44	ALL	56389	56406	56329	56313	16	60	77
ZY_GeneMind_NA12878.grch38.deepvariant.50x.s42	SNV	51938	51945	51897	51887	10	41	48
ZY_GeneMind_NA12878.grch38.deepvariant.50x.s42	INDEL	4877	4884	4866	4863	3	11	18
ZY_GeneMind_NA12878.grch38.deepvariant.50x.s42	ALL	56815	56829	56763	56750	13	52	66
ZY_GeneMind_NA12878.grch38.deepvariant.50x.s43	SNV	52021	52042	51969	51959	10	52	73
ZY_GeneMind_NA12878.grch38.deepvariant.50x.s43	INDEL	4886	4888	4867	4862	5	19	21
ZY_GeneMind_NA12878.grch38.deepvariant.50x.s43	ALL	56907	56930	56836	56821	15	71	94
ZY_GeneMind_NA12878.grch38.deepvariant.50x.s44	SNV	51966	51949	51885	51873	12	81	64
ZY_GeneMind_NA12878.grch38.deepvariant.50x.s44	INDEL	4867	4868	4845	4843	2	22	23
ZY_GeneMind_NA12878.grch38.deepvariant.50x.s44	ALL	56833	56817	56730	56716	14	103	87
ZY_GeneMind_NA12878.grch38.deepvariant.5x.s42	SNV	43518	43525	43437	43366	71	81	88
ZY_GeneMind_NA12878.grch38.deepvariant.5x.s42	INDEL	3346	3369	3320	3314	6	26	49
ZY_GeneMind_NA12878.grch38.deepvariant.5x.s42	ALL	46864	46894	46757	46680	77	107	137
ZY_GeneMind_NA12878.grch38.deepvariant.5x.s43	SNV	43404	43408	43316	43258	58	88	92
ZY_GeneMind_NA12878.grch38.deepvariant.5x.s43	INDEL	3376	3396	3351	3346	5	25	45
ZY_GeneMind_NA12878.grch38.deepvariant.5x.s43	ALL	46780	46804	46667	46604	63	113	137
ZY_GeneMind_NA12878.grch38.deepvariant.5x.s44	SNV	43248	43243	43164	43101	63	84	79
ZY_GeneMind_NA12878.grch38.deepvariant.5x.s44	INDEL	3413	3433	3395	3392	3	18	38
ZY_GeneMind_NA12878.grch38.deepvariant.5x.s44	ALL	46661	46676	46559	46493	66	102	117
ZY_GeneMind_NA12878.grch38.deepvariant.full.s0	SNV	52655	52663	52535	52513	22	120	128
ZY_GeneMind_NA12878.grch38.deepvariant.full.s0	INDEL	5065	5049	5033	5031	2	32	16
ZY_GeneMind_NA12878.grch38.deepvariant.full.s0	ALL	57720	57712	57568	57544	24	152	144
ZY_GeneMind_NA12878.grch38.gatk4_hc.100x.s42	SNV	55091	55077	55013	55011	2	78	64
ZY_GeneMind_NA12878.grch38.gatk4_hc.100x.s42	INDEL	6224	6216	6182	6175	7	42	34
ZY_GeneMind_NA12878.grch38.gatk4_hc.100x.s42	ALL	61315	61293	61195	61186	9	120	98
ZY_GeneMind_NA12878.grch38.gatk4_hc.100x.s43	SNV	54961	54940	54883	54876	7	78	57
ZY_GeneMind_NA12878.grch38.gatk4_hc.100x.s43	INDEL	6231	6245	6192	6188	4	39	53
ZY_GeneMind_NA12878.grch38.gatk4_hc.100x.s43	ALL	61192	61185	61075	61064	11	117	110
ZY_GeneMind_NA12878.grch38.gatk4_hc.100x.s44	SNV	55044	55043	54942	54934	8	102	101
ZY_GeneMind_NA12878.grch38.gatk4_hc.100x.s44	INDEL	6238	6238	6195	6184	11	43	43
ZY_GeneMind_NA12878.grch38.gatk4_hc.100x.s44	ALL	61282	61281	61137	61118	19	145	144
ZY_GeneMind_NA12878.grch38.gatk4_hc.10x.s42	SNV	50177	50111	50047	50036	11	130	64
ZY_GeneMind_NA12878.grch38.gatk4_hc.10x.s42	INDEL	4811	4839	4779	4775	4	32	60
ZY_GeneMind_NA12878.grch38.gatk4_hc.10x.s42	ALL	54988	54950	54826	54811	15	162	124
ZY_GeneMind_NA12878.grch38.gatk4_hc.10x.s43	SNV	50169	50106	50069	50057	12	100	37
ZY_GeneMind_NA12878.grch38.gatk4_hc.10x.s43	INDEL	4769	4824	4748	4736	12	21	76
ZY_GeneMind_NA12878.grch38.gatk4_hc.10x.s43	ALL	54938	54930	54817	54793	24	121	113
ZY_GeneMind_NA12878.grch38.gatk4_hc.10x.s44	SNV	50208	50157	50094	50085	9	114	63
ZY_GeneMind_NA12878.grch38.gatk4_hc.10x.s44	INDEL	4829	4868	4812	4805	7	17	56
ZY_GeneMind_NA12878.grch38.gatk4_hc.10x.s44	ALL	55037	55025	54906	54890	16	131	119
ZY_GeneMind_NA12878.grch38.gatk4_hc.15x.s42	SNV	52255	52190	52126	52117	9	129	64
ZY_GeneMind_NA12878.grch38.gatk4_hc.15x.s42	INDEL	5241	5256	5198	5193	5	43	58
ZY_GeneMind_NA12878.grch38.gatk4_hc.15x.s42	ALL	57496	57446	57324	57310	14	172	122
ZY_GeneMind_NA12878.grch38.gatk4_hc.15x.s43	SNV	52175	52109	52061	52053	8	114	48
ZY_GeneMind_NA12878.grch38.gatk4_hc.15x.s43	INDEL	5183	5213	5137	5126	11	46	76
ZY_GeneMind_NA12878.grch38.gatk4_hc.15x.s43	ALL	57358	57322	57198	57179	19	160	124
ZY_GeneMind_NA12878.grch38.gatk4_hc.15x.s44	SNV	52169	52112	52074	52066	8	95	38
ZY_GeneMind_NA12878.grch38.gatk4_hc.15x.s44	INDEL	5186	5216	5166	5160	6	20	50
ZY_GeneMind_NA12878.grch38.gatk4_hc.15x.s44	ALL	57355	57328	57240	57226	14	115	88
ZY_GeneMind_NA12878.grch38.gatk4_hc.200x.s42	SNV	55461	55429	55372	55370	2	89	57
ZY_GeneMind_NA12878.grch38.gatk4_hc.200x.s42	INDEL	6388	6383	6350	6344	6	38	33
ZY_GeneMind_NA12878.grch38.gatk4_hc.200x.s42	ALL	61849	61812	61722	61714	8	127	90
ZY_GeneMind_NA12878.grch38.gatk4_hc.200x.s43	SNV	55405	55396	55317	55311	6	88	79
ZY_GeneMind_NA12878.grch38.gatk4_hc.200x.s43	INDEL	6398	6390	6356	6350	6	42	34
ZY_GeneMind_NA12878.grch38.gatk4_hc.200x.s43	ALL	61803	61786	61673	61661	12	130	113
ZY_GeneMind_NA12878.grch38.gatk4_hc.200x.s44	SNV	55380	55400	55287	55281	6	93	113
ZY_GeneMind_NA12878.grch38.gatk4_hc.200x.s44	INDEL	6371	6372	6325	6317	8	46	47
ZY_GeneMind_NA12878.grch38.gatk4_hc.200x.s44	ALL	61751	61772	61612	61598	14	139	160
ZY_GeneMind_NA12878.grch38.gatk4_hc.30x.s42	SNV	53944	53941	53853	53848	5	91	88
ZY_GeneMind_NA12878.grch38.gatk4_hc.30x.s42	INDEL	5687	5718	5652	5645	7	35	66
ZY_GeneMind_NA12878.grch38.gatk4_hc.30x.s42	ALL	59631	59659	59505	59493	12	126	154
ZY_GeneMind_NA12878.grch38.gatk4_hc.30x.s43	SNV	53945	53951	53864	53860	4	81	87
ZY_GeneMind_NA12878.grch38.gatk4_hc.30x.s43	INDEL	5741	5772	5697	5691	6	44	75
ZY_GeneMind_NA12878.grch38.gatk4_hc.30x.s43	ALL	59686	59723	59561	59551	10	125	162
ZY_GeneMind_NA12878.grch38.gatk4_hc.30x.s44	SNV	53911	53870	53809	53801	8	102	61
ZY_GeneMind_NA12878.grch38.gatk4_hc.30x.s44	INDEL	5697	5734	5666	5661	5	31	68
ZY_GeneMind_NA12878.grch38.gatk4_hc.30x.s44	ALL	59608	59604	59475	59462	13	133	129
ZY_GeneMind_NA12878.grch38.gatk4_hc.50x.s42	SNV	54566	54524	54458	54453	5	108	66
ZY_GeneMind_NA12878.grch38.gatk4_hc.50x.s42	INDEL	5989	6006	5947	5937	10	42	59
ZY_GeneMind_NA12878.grch38.gatk4_hc.50x.s42	ALL	60555	60530	60405	60390	15	150	125
ZY_GeneMind_NA12878.grch38.gatk4_hc.50x.s43	SNV	54492	54481	54399	54391	8	93	82
ZY_GeneMind_NA12878.grch38.gatk4_hc.50x.s43	INDEL	5948	5980	5912	5908	4	36	68
ZY_GeneMind_NA12878.grch38.gatk4_hc.50x.s43	ALL	60440	60461	60311	60299	12	129	150
ZY_GeneMind_NA12878.grch38.gatk4_hc.50x.s44	SNV	54490	54480	54412	54408	4	78	68
ZY_GeneMind_NA12878.grch38.gatk4_hc.50x.s44	INDEL	5944	5964	5905	5899	6	39	59
ZY_GeneMind_NA12878.grch38.gatk4_hc.50x.s44	ALL	60434	60444	60317	60307	10	117	127
ZY_GeneMind_NA12878.grch38.gatk4_hc.5x.s42	SNV	43363	43355	43277	43257	20	86	78
ZY_GeneMind_NA12878.grch38.gatk4_hc.5x.s42	INDEL	3960	3998	3944	3943	1	16	54
ZY_GeneMind_NA12878.grch38.gatk4_hc.5x.s42	ALL	47323	47353	47221	47200	21	102	132
ZY_GeneMind_NA12878.grch38.gatk4_hc.5x.s43	SNV	43311	43255	43188	43178	10	123	67
ZY_GeneMind_NA12878.grch38.gatk4_hc.5x.s43	INDEL	3910	3930	3882	3870	12	28	48
ZY_GeneMind_NA12878.grch38.gatk4_hc.5x.s43	ALL	47221	47185	47070	47048	22	151	115
ZY_GeneMind_NA12878.grch38.gatk4_hc.5x.s44	SNV	43185	43163	43085	43077	8	100	78
ZY_GeneMind_NA12878.grch38.gatk4_hc.5x.s44	INDEL	3942	3962	3918	3915	3	24	44
ZY_GeneMind_NA12878.grch38.gatk4_hc.5x.s44	ALL	47127	47125	47003	46992	11	124	122
ZY_GeneMind_NA12878.grch38.gatk4_hc.full.s0	SNV	55733	55690	55590	55585	5	143	100
ZY_GeneMind_NA12878.grch38.gatk4_hc.full.s0	INDEL	6532	6542	6477	6466	11	55	65
ZY_GeneMind_NA12878.grch38.gatk4_hc.full.s0	ALL	62265	62232	62067	62051	16	198	165
ZY_Illumina_NA12878.grch38.deepvariant.100x.s42	SNV	51809	51803	51732	51723	9	77	71
ZY_Illumina_NA12878.grch38.deepvariant.100x.s42	INDEL	4762	4769	4751	4749	2	11	18
ZY_Illumina_NA12878.grch38.deepvariant.100x.s42	ALL	56571	56572	56483	56472	11	88	89
ZY_Illumina_NA12878.grch38.deepvariant.100x.s43	SNV	51825	51844	51769	51757	12	56	75
ZY_Illumina_NA12878.grch38.deepvariant.100x.s43	INDEL	4800	4807	4788	4786	2	12	19
ZY_Illumina_NA12878.grch38.deepvariant.100x.s43	ALL	56625	56651	56557	56543	14	68	94
ZY_Illumina_NA12878.grch38.deepvariant.100x.s44	SNV	51775	51761	51696	51677	19	79	65
ZY_Illumina_NA12878.grch38.deepvariant.100x.s44	INDEL	4766	4774	4756	4751	5	10	18
ZY_Illumina_NA12878.grch38.deepvariant.100x.s44	ALL	56541	56535	56452	56428	24	89	83
ZY_Illumina_NA12878.grch38.deepvariant.10x.s42	SNV	46355	46370	46327	46306	21	28	43
ZY_Illumina_NA12878.grch38.deepvariant.10x.s42	INDEL	3536	3542	3521	3518	3	15	21
ZY_Illumina_NA12878.grch38.deepvariant.10x.s42	ALL	49891	49912	49848	49824	24	43	64
ZY_Illumina_NA12878.grch38.deepvariant.10x.s43	SNV	46518	46519	46485	46477	8	33	34
ZY_Illumina_NA12878.grch38.deepvariant.10x.s43	INDEL	3516	3522	3499	3497	2	17	23
ZY_Illumina_NA12878.grch38.deepvariant.10x.s43	ALL	50034	50041	49984	49974	10	50	57
ZY_Illumina_NA12878.grch38.deepvariant.10x.s44	SNV	46567	46585	46535	46520	15	32	50
ZY_Illumina_NA12878.grch38.deepvariant.10x.s44	INDEL	3576	3585	3560	3559	1	16	25
ZY_Illumina_NA12878.grch38.deepvariant.10x.s44	ALL	50143	50170	50095	50079	16	48	75
ZY_Illumina_NA12878.grch38.deepvariant.15x.s42	SNV	48575	48595	48547	48534	13	28	48
ZY_Illumina_NA12878.grch38.deepvariant.15x.s42	INDEL	3912	3917	3895	3892	3	17	22
ZY_Illumina_NA12878.grch38.deepvariant.15x.s42	ALL	52487	52512	52442	52426	16	45	70
ZY_Illumina_NA12878.grch38.deepvariant.15x.s43	SNV	48629	48635	48593	48579	14	36	42
ZY_Illumina_NA12878.grch38.deepvariant.15x.s43	INDEL	3920	3929	3904	3901	3	16	25
ZY_Illumina_NA12878.grch38.deepvariant.15x.s43	ALL	52549	52564	52497	52480	17	52	67
ZY_Illumina_NA12878.grch38.deepvariant.15x.s44	SNV	48652	48657	48609	48595	14	43	48
ZY_Illumina_NA12878.grch38.deepvariant.15x.s44	INDEL	3901	3908	3886	3881	5	15	22
ZY_Illumina_NA12878.grch38.deepvariant.15x.s44	ALL	52553	52565	52495	52476	19	58	70
ZY_Illumina_NA12878.grch38.deepvariant.200x.s42	SNV	52123	52092	52020	52003	17	103	72
ZY_Illumina_NA12878.grch38.deepvariant.200x.s42	INDEL	4885	4891	4873	4867	6	12	18
ZY_Illumina_NA12878.grch38.deepvariant.200x.s42	ALL	57008	56983	56893	56870	23	115	90
ZY_Illumina_NA12878.grch38.deepvariant.200x.s43	SNV	52128	52107	52016	51999	17	112	91
ZY_Illumina_NA12878.grch38.deepvariant.200x.s43	INDEL	4897	4911	4885	4883	2	12	26
ZY_Illumina_NA12878.grch38.deepvariant.200x.s43	ALL	57025	57018	56901	56882	19	124	117
ZY_Illumina_NA12878.grch38.deepvariant.200x.s44	SNV	52108	52099	52004	51983	21	104	95
ZY_Illumina_NA12878.grch38.deepvariant.200x.s44	INDEL	4899	4899	4886	4882	4	13	13
ZY_Illumina_NA12878.grch38.deepvariant.200x.s44	ALL	57007	56998	56890	56865	25	117	108
ZY_Illumina_NA12878.grch38.deepvariant.30x.s1	SNV	50579	50559	50523	50509	14	56	36
ZY_Illumina_NA12878.grch38.deepvariant.30x.s1	INDEL	4381	4379	4363	4362	1	18	16
ZY_Illumina_NA12878.grch38.deepvariant.30x.s1	ALL	54960	54938	54886	54871	15	74	52
ZY_Illumina_NA12878.grch38.deepvariant.30x.s42	SNV	50580	50569	50524	50513	11	56	45
ZY_Illumina_NA12878.grch38.deepvariant.30x.s42	INDEL	4379	4390	4370	4364	6	9	20
ZY_Illumina_NA12878.grch38.deepvariant.30x.s42	ALL	54959	54959	54894	54877	17	65	65
ZY_Illumina_NA12878.grch38.deepvariant.30x.s43	SNV	50518	50510	50471	50461	10	47	39
ZY_Illumina_NA12878.grch38.deepvariant.30x.s43	INDEL	4350	4362	4341	4340	1	9	21
ZY_Illumina_NA12878.grch38.deepvariant.30x.s43	ALL	54868	54872	54812	54801	11	56	60
ZY_Illumina_NA12878.grch38.deepvariant.30x.s44	SNV	50590	50586	50552	50538	14	38	34
ZY_Illumina_NA12878.grch38.deepvariant.30x.s44	INDEL	4384	4390	4374	4372	2	10	16
ZY_Illumina_NA12878.grch38.deepvariant.30x.s44	ALL	54974	54976	54926	54910	16	48	50
ZY_Illumina_NA12878.grch38.deepvariant.50x.s42	SNV	51211	51216	51147	51133	14	64	69
ZY_Illumina_NA12878.grch38.deepvariant.50x.s42	INDEL	4563	4573	4551	4549	2	12	22
ZY_Illumina_NA12878.grch38.deepvariant.50x.s42	ALL	55774	55789	55698	55682	16	76	91
ZY_Illumina_NA12878.grch38.deepvariant.50x.s43	SNV	51321	51303	51247	51235	12	74	56
ZY_Illumina_NA12878.grch38.deepvariant.50x.s43	INDEL	4564	4579	4559	4556	3	5	20
ZY_Illumina_NA12878.grch38.deepvariant.50x.s43	ALL	55885	55882	55806	55791	15	79	76
ZY_Illumina_NA12878.grch38.deepvariant.50x.s44	SNV	51224	51213	51163	51152	11	61	50
ZY_Illumina_NA12878.grch38.deepvariant.50x.s44	INDEL	4640	4640	4633	4630	3	7	7
ZY_Illumina_NA12878.grch38.deepvariant.50x.s44	ALL	55864	55853	55796	55782	14	68	57
ZY_Illumina_NA12878.grch38.deepvariant.5x.s42	SNV	40106	40110	40058	40042	16	48	52
ZY_Illumina_NA12878.grch38.deepvariant.5x.s42	INDEL	2758	2759	2732	2732	0	26	27
ZY_Illumina_NA12878.grch38.deepvariant.5x.s42	ALL	42864	42869	42790	42774	16	74	79
ZY_Illumina_NA12878.grch38.deepvariant.5x.s43	SNV	40385	40396	40331	40311	20	54	65
ZY_Illumina_NA12878.grch38.deepvariant.5x.s43	INDEL	2746	2744	2714	2708	6	32	30
ZY_Illumina_NA12878.grch38.deepvariant.5x.s43	ALL	43131	43140	43045	43019	26	86	95
ZY_Illumina_NA12878.grch38.deepvariant.5x.s44	SNV	40314	40322	40279	40258	21	35	43
ZY_Illumina_NA12878.grch38.deepvariant.5x.s44	INDEL	2733	2733	2713	2711	2	20	20
ZY_Illumina_NA12878.grch38.deepvariant.5x.s44	ALL	43047	43055	42992	42969	23	55	63
ZY_Illumina_NA12878.grch38.deepvariant.full.s0	SNV	52404	52401	52290	52266	24	114	111
ZY_Illumina_NA12878.grch38.deepvariant.full.s0	INDEL	4970	4983	4952	4948	4	18	31
ZY_Illumina_NA12878.grch38.deepvariant.full.s0	ALL	57374	57384	57242	57214	28	132	142
ZY_Illumina_NA12878.grch38.gatk4_hc.100x.s42	SNV	54116	54174	54028	54025	3	88	146
ZY_Illumina_NA12878.grch38.gatk4_hc.100x.s42	INDEL	6253	6262	6192	6179	13	61	70
ZY_Illumina_NA12878.grch38.gatk4_hc.100x.s42	ALL	60369	60436	60220	60204	16	149	216
ZY_Illumina_NA12878.grch38.gatk4_hc.100x.s43	SNV	54149	54150	54064	54055	9	85	86
ZY_Illumina_NA12878.grch38.gatk4_hc.100x.s43	INDEL	6206	6241	6166	6156	10	40	75
ZY_Illumina_NA12878.grch38.gatk4_hc.100x.s43	ALL	60355	60391	60230	60211	19	125	161
ZY_Illumina_NA12878.grch38.gatk4_hc.100x.s44	SNV	54064	54103	53979	53971	8	85	124
ZY_Illumina_NA12878.grch38.gatk4_hc.100x.s44	INDEL	6223	6262	6189	6182	7	34	73
ZY_Illumina_NA12878.grch38.gatk4_hc.100x.s44	ALL	60287	60365	60168	60153	15	119	197
ZY_Illumina_NA12878.grch38.gatk4_hc.10x.s42	SNV	46851	46933	46796	46789	7	55	137
ZY_Illumina_NA12878.grch38.gatk4_hc.10x.s42	INDEL	4077	4112	4059	4055	4	18	53
ZY_Illumina_NA12878.grch38.gatk4_hc.10x.s42	ALL	50928	51045	50855	50844	11	73	190
ZY_Illumina_NA12878.grch38.gatk4_hc.10x.s43	SNV	47076	47084	47002	46995	7	74	82
ZY_Illumina_NA12878.grch38.gatk4_hc.10x.s43	INDEL	4075	4104	4058	4052	6	17	46
ZY_Illumina_NA12878.grch38.gatk4_hc.10x.s43	ALL	51151	51188	51060	51047	13	91	128
ZY_Illumina_NA12878.grch38.gatk4_hc.10x.s44	SNV	47075	47147	47016	47008	8	59	131
ZY_Illumina_NA12878.grch38.gatk4_hc.10x.s44	INDEL	4085	4126	4070	4063	7	15	56
ZY_Illumina_NA12878.grch38.gatk4_hc.10x.s44	ALL	51160	51273	51086	51071	15	74	187
ZY_Illumina_NA12878.grch38.gatk4_hc.15x.s42	SNV	49450	49526	49406	49400	6	44	120
ZY_Illumina_NA12878.grch38.gatk4_hc.15x.s42	INDEL	4517	4539	4496	4492	4	21	43
ZY_Illumina_NA12878.grch38.gatk4_hc.15x.s42	ALL	53967	54065	53902	53892	10	65	163
ZY_Illumina_NA12878.grch38.gatk4_hc.15x.s43	SNV	49559	49578	49508	49487	21	51	70
ZY_Illumina_NA12878.grch38.gatk4_hc.15x.s43	INDEL	4565	4590	4541	4532	9	24	49
ZY_Illumina_NA12878.grch38.gatk4_hc.15x.s43	ALL	54124	54168	54049	54019	30	75	119
ZY_Illumina_NA12878.grch38.gatk4_hc.15x.s44	SNV	49588	49634	49532	49528	4	56	102
ZY_Illumina_NA12878.grch38.gatk4_hc.15x.s44	INDEL	4589	4616	4568	4565	3	21	48
ZY_Illumina_NA12878.grch38.gatk4_hc.15x.s44	ALL	54177	54250	54100	54093	7	77	150
ZY_Illumina_NA12878.grch38.gatk4_hc.200x.s42	SNV	54627	54644	54537	54533	4	90	107
ZY_Illumina_NA12878.grch38.gatk4_hc.200x.s42	INDEL	6502	6506	6476	6471	5	26	30
ZY_Illumina_NA12878.grch38.gatk4_hc.200x.s42	ALL	61129	61150	61013	61004	9	116	137
ZY_Illumina_NA12878.grch38.gatk4_hc.200x.s43	SNV	54687	54702	54628	54625	3	59	74
ZY_Illumina_NA12878.grch38.gatk4_hc.200x.s43	INDEL	6517	6515	6489	6483	6	28	26
ZY_Illumina_NA12878.grch38.gatk4_hc.200x.s43	ALL	61204	61217	61117	61108	9	87	100
ZY_Illumina_NA12878.grch38.gatk4_hc.200x.s44	SNV	54694	54703	54631	54629	2	63	72
ZY_Illumina_NA12878.grch38.gatk4_hc.200x.s44	INDEL	6542	6546	6515	6506	9	27	31
ZY_Illumina_NA12878.grch38.gatk4_hc.200x.s44	ALL	61236	61249	61146	61135	11	90	103
ZY_Illumina_NA12878.grch38.gatk4_hc.30x.s1	SNV	52185	52237	52107	52101	6	78	130
ZY_Illumina_NA12878.grch38.gatk4_hc.30x.s1	INDEL	5302	5329	5270	5258	12	32	59
ZY_Illumina_NA12878.grch38.gatk4_hc.30x.s1	ALL	57487	57566	57377	57359	18	110	189
ZY_Illumina_NA12878.grch38.gatk4_hc.30x.s42	SNV	52148	52236	52095	52089	6	53	141
ZY_Illumina_NA12878.grch38.gatk4_hc.30x.s42	INDEL	5310	5346	5282	5271	11	28	64
ZY_Illumina_NA12878.grch38.gatk4_hc.30x.s42	ALL	57458	57582	57377	57360	17	81	205
ZY_Illumina_NA12878.grch38.gatk4_hc.30x.s43	SNV	52131	52152	52055	52050	5	76	97
ZY_Illumina_NA12878.grch38.gatk4_hc.30x.s43	INDEL	5330	5362	5294	5287	7	36	68
ZY_Illumina_NA12878.grch38.gatk4_hc.30x.s43	ALL	57461	57514	57349	57337	12	112	165
ZY_Illumina_NA12878.grch38.gatk4_hc.30x.s44	SNV	52149	52181	52090	52089	1	59	91
ZY_Illumina_NA12878.grch38.gatk4_hc.30x.s44	INDEL	5329	5359	5301	5295	6	28	58
ZY_Illumina_NA12878.grch38.gatk4_hc.30x.s44	ALL	57478	57540	57391	57384	7	87	149
ZY_Illumina_NA12878.grch38.gatk4_hc.50x.s42	SNV	53228	53252	53144	53143	1	84	108
ZY_Illumina_NA12878.grch38.gatk4_hc.50x.s42	INDEL	5730	5753	5691	5685	6	39	62
ZY_Illumina_NA12878.grch38.gatk4_hc.50x.s42	ALL	58958	59005	58835	58828	7	123	170
ZY_Illumina_NA12878.grch38.gatk4_hc.50x.s43	SNV	53276	53315	53199	53190	9	77	116
ZY_Illumina_NA12878.grch38.gatk4_hc.50x.s43	INDEL	5741	5792	5708	5701	7	33	84
ZY_Illumina_NA12878.grch38.gatk4_hc.50x.s43	ALL	59017	59107	58907	58891	16	110	200
ZY_Illumina_NA12878.grch38.gatk4_hc.50x.s44	SNV	53213	53274	53143	53137	6	70	131
ZY_Illumina_NA12878.grch38.gatk4_hc.50x.s44	INDEL	5824	5844	5776	5770	6	48	68
ZY_Illumina_NA12878.grch38.gatk4_hc.50x.s44	ALL	59037	59118	58919	58907	12	118	199
ZY_Illumina_NA12878.grch38.gatk4_hc.5x.s42	SNV	39888	39970	39851	39844	7	37	119
ZY_Illumina_NA12878.grch38.gatk4_hc.5x.s42	INDEL	3066	3095	3057	3056	1	9	38
ZY_Illumina_NA12878.grch38.gatk4_hc.5x.s42	ALL	42954	43065	42908	42900	8	46	157
ZY_Illumina_NA12878.grch38.gatk4_hc.5x.s43	SNV	40235	40243	40170	40165	5	65	73
ZY_Illumina_NA12878.grch38.gatk4_hc.5x.s43	INDEL	3134	3142	3117	3115	2	17	25
ZY_Illumina_NA12878.grch38.gatk4_hc.5x.s43	ALL	43369	43385	43287	43280	7	82	98
ZY_Illumina_NA12878.grch38.gatk4_hc.5x.s44	SNV	40109	40199	40055	40044	11	54	144
ZY_Illumina_NA12878.grch38.gatk4_hc.5x.s44	INDEL	3122	3164	3115	3112	3	7	49
ZY_Illumina_NA12878.grch38.gatk4_hc.5x.s44	ALL	43231	43363	43170	43156	14	61	193
ZY_Illumina_NA12878.grch38.gatk4_hc.full.s0	SNV	55247	55224	55134	55131	3	113	90
ZY_Illumina_NA12878.grch38.gatk4_hc.full.s0	INDEL	6842	6839	6797	6792	5	45	42
ZY_Illumina_NA12878.grch38.gatk4_hc.full.s0	ALL	62089	62063	61931	61923	8	158	132
