run_id,sample,platform,reference,caller,hardware,target_depth_x,seed,call_sec,total_sec,run_date
ZY_Illumina_NA12878.grch38.bwa-mem.deepvariant.cpu.30x.s1,ZY_Illumina_NA12878,illumina_novaseq6000,grch38,deepvariant,cpu,30,1,232,348,2026-07-14
ZY_Illumina_NA12878.grch38.bwa-mem.gatk4_hc.cpu.30x.s1,ZY_Illumina_NA12878,illumina_novaseq6000,grch38,gatk4_hc,cpu,30,1,918,2010,2026-07-14
ZY_Illumina_NA12878.grch38.bwa-mem.deepvariant.cpu.30x.s1,ZY_Illumina_NA12878,illumina_novaseq6000,grch38,deepvariant,cpu,30,1,235,349,2026-07-14
ZY_Illumina_NA12878.grch38.bwa-mem.gatk4_hc.cpu.30x.s1,ZY_Illumina_NA12878,illumina_novaseq6000,grch38,gatk4_hc,cpu,30,1,961,1094,2026-07-14
ZY_Illumina_NA12878.grch38.pbrun_fq2bam.pbrun_deepvariant.gpu.30x.s1,ZY_Illumina_NA12878,illumina_novaseq6000,grch38,pbrun_deepvariant,gpu,30,1,34,169,2026-07-15
ZY_Illumina_NA12878.grch38.bwa-mem.deepvariant.cpu.30x.s1,ZY_Illumina_NA12878,illumina_novaseq6000,grch38,deepvariant,cpu,30,1,233,348,2026-07-15
ZY_Illumina_NA12878.grch38.bwa-mem.gatk4_hc.cpu.30x.s1,ZY_Illumina_NA12878,illumina_novaseq6000,grch38,gatk4_hc,cpu,30,1,920,2005,2026-07-15
ZY_Illumina_NA12878.grch38.pbrun_fq2bam.pbrun_deepvariant.gpu.30x.s1,ZY_Illumina_NA12878,illumina_novaseq6000,grch38,pbrun_deepvariant,gpu,30,1,34,144,2026-07-15
ZY_Illumina_NA12878.grch38.pbrun_fq2bam.pbrun_haplotypecaller.gpu.30x.s1,ZY_Illumina_NA12878,illumina_novaseq6000,grch38,pbrun_haplotypecaller,gpu,30,1,95,329,2026-07-15
ZY_Illumina_NA12878.grch38.pbrun_fq2bam.pbrun_deepvariant.gpu.30x.s1,ZY_Illumina_NA12878,illumina_novaseq6000,grch38,pbrun_deepvariant,gpu,30,1,33,170,2026-07-15
ZY_Illumina_NA12878.grch38.bwa-mem.gatk4_hc.cpu.5x.s42,ZY_Illumina_NA12878,illumina_novaseq6000,grch38,gatk4_hc,cpu,5,42,372,733,2026-07-15
ZY_Illumina_NA12878.grch38.bwa-mem.gatk4_hc.cpu.5x.s44,ZY_Illumina_NA12878,illumina_novaseq6000,grch38,gatk4_hc,cpu,5,44,371,737,2026-07-15
ZY_Illumina_NA12878.grch38.bwa-mem.gatk4_hc.cpu.5x.s43,ZY_Illumina_NA12878,illumina_novaseq6000,grch38,gatk4_hc,cpu,5,43,385,747,2026-07-15
ZY_Illumina_NA12878.grch38.bwa-mem.gatk4_hc.cpu.8x.s42,ZY_Illumina_NA12878,illumina_novaseq6000,grch38,gatk4_hc,cpu,8,42,450,905,2026-07-15
ZY_Illumina_NA12878.grch38.bwa-mem.gatk4_hc.cpu.8x.s44,ZY_Illumina_NA12878,illumina_novaseq6000,grch38,gatk4_hc,cpu,8,44,457,908,2026-07-15
ZY_Illumina_NA12878.grch38.bwa-mem.gatk4_hc.cpu.8x.s43,ZY_Illumina_NA12878,illumina_novaseq6000,grch38,gatk4_hc,cpu,8,43,457,913,2026-07-15
ZY_Illumina_NA12878.grch38.bwa-mem.gatk4_hc.cpu.10x.s42,ZY_Illumina_NA12878,illumina_novaseq6000,grch38,gatk4_hc,cpu,10,42,491,1006,2026-07-15
ZY_Illumina_NA12878.grch38.bwa-mem.gatk4_hc.cpu.10x.s43,ZY_Illumina_NA12878,illumina_novaseq6000,grch38,gatk4_hc,cpu,10,43,495,1008,2026-07-15
ZY_Illumina_NA12878.grch38.bwa-mem.gatk4_hc.cpu.10x.s44,ZY_Illumina_NA12878,illumina_novaseq6000,grch38,gatk4_hc,cpu,10,44,494,1016,2026-07-15
ZY_Illumina_NA12878.grch38.bwa-mem.gatk4_hc.cpu.12x.s42,ZY_Illumina_NA12878,illumina_novaseq6000,grch38,gatk4_hc,cpu,12,42,532,1112,2026-07-15
ZY_Illumina_NA12878.grch38.bwa-mem.gatk4_hc.cpu.12x.s43,ZY_Illumina_NA12878,illumina_novaseq6000,grch38,gatk4_hc,cpu,12,43,538,1116,2026-07-15
ZY_Illumina_NA12878.grch38.bwa-mem.gatk4_hc.cpu.12x.s44,ZY_Illumina_NA12878,illumina_novaseq6000,grch38,gatk4_hc,cpu,12,44,539,1115,2026-07-15
ZY_Illumina_NA12878.grch38.bwa-mem.gatk4_hc.cpu.15x.s43,ZY_Illumina_NA12878,illumina_novaseq6000,grch38,gatk4_hc,cpu,15,43,594,1250,2026-07-15
ZY_Illumina_NA12878.grch38.bwa-mem.gatk4_hc.cpu.15x.s42,ZY_Illumina_NA12878,illumina_novaseq6000,grch38,gatk4_hc,cpu,15,42,596,1260,2026-07-15
ZY_Illumina_NA12878.grch38.bwa-mem.gatk4_hc.cpu.15x.s44,ZY_Illumina_NA12878,illumina_novaseq6000,grch38,gatk4_hc,cpu,15,44,594,1245,2026-07-15
ZY_Illumina_NA12878.grch38.bwa-mem.gatk4_hc.cpu.20x.s44,ZY_Illumina_NA12878,illumina_novaseq6000,grch38,gatk4_hc,cpu,20,44,705,1510,2026-07-15
ZY_Illumina_NA12878.grch38.bwa-mem.gatk4_hc.cpu.20x.s42,ZY_Illumina_NA12878,illumina_novaseq6000,grch38,gatk4_hc,cpu,20,42,708,1522,2026-07-15
ZY_Illumina_NA12878.grch38.bwa-mem.gatk4_hc.cpu.20x.s43,ZY_Illumina_NA12878,illumina_novaseq6000,grch38,gatk4_hc,cpu,20,43,710,1530,2026-07-15
ZY_Illumina_NA12878.grch38.bwa-mem.gatk4_hc.cpu.25x.s42,ZY_Illumina_NA12878,illumina_novaseq6000,grch38,gatk4_hc,cpu,25,42,810,1750,2026-07-15
ZY_Illumina_NA12878.grch38.bwa-mem.gatk4_hc.cpu.25x.s43,ZY_Illumina_NA12878,illumina_novaseq6000,grch38,gatk4_hc,cpu,25,43,811,1753,2026-07-15
ZY_Illumina_NA12878.grch38.bwa-mem.gatk4_hc.cpu.25x.s44,ZY_Illumina_NA12878,illumina_novaseq6000,grch38,gatk4_hc,cpu,25,44,816,1756,2026-07-15
ZY_Illumina_NA12878.grch38.bwa-mem.gatk4_hc.cpu.30x.s43,ZY_Illumina_NA12878,illumina_novaseq6000,grch38,gatk4_hc,cpu,30,43,924,2011,2026-07-15
ZY_Illumina_NA12878.grch38.bwa-mem.gatk4_hc.cpu.30x.s44,ZY_Illumina_NA12878,illumina_novaseq6000,grch38,gatk4_hc,cpu,30,44,908,1998,2026-07-15
ZY_Illumina_NA12878.grch38.bwa-mem.gatk4_hc.cpu.30x.s42,ZY_Illumina_NA12878,illumina_novaseq6000,grch38,gatk4_hc,cpu,30,42,919,2018,2026-07-15
ZY_Illumina_NA12878.grch38.bwa-mem.gatk4_hc.cpu.40x.s44,ZY_Illumina_NA12878,illumina_novaseq6000,grch38,gatk4_hc,cpu,40,44,1154,2517,2026-07-15
ZY_Illumina_NA12878.grch38.bwa-mem.gatk4_hc.cpu.40x.s42,ZY_Illumina_NA12878,illumina_novaseq6000,grch38,gatk4_hc,cpu,40,42,1178,2576,2026-07-15
ZY_Illumina_NA12878.grch38.bwa-mem.gatk4_hc.cpu.40x.s43,ZY_Illumina_NA12878,illumina_novaseq6000,grch38,gatk4_hc,cpu,40,43,1167,2591,2026-07-15
ZY_Illumina_NA12878.grch38.bwa-mem.gatk4_hc.cpu.50x.s44,ZY_Illumina_NA12878,illumina_novaseq6000,grch38,gatk4_hc,cpu,50,44,1413,3061,2026-07-15
ZY_Illumina_NA12878.grch38.bwa-mem.gatk4_hc.cpu.50x.s43,ZY_Illumina_NA12878,illumina_novaseq6000,grch38,gatk4_hc,cpu,50,43,1395,3085,2026-07-15
ZY_Illumina_NA12878.grch38.bwa-mem.gatk4_hc.cpu.50x.s42,ZY_Illumina_NA12878,illumina_novaseq6000,grch38,gatk4_hc,cpu,50,42,1454,3128,2026-07-15
ZY_Illumina_NA12878.grch38.bwa-mem.gatk4_hc.cpu.60x.s42,ZY_Illumina_NA12878,illumina_novaseq6000,grch38,gatk4_hc,cpu,60,42,1659,3612,2026-07-15
ZY_Illumina_NA12878.grch38.bwa-mem.gatk4_hc.cpu.60x.s44,ZY_Illumina_NA12878,illumina_novaseq6000,grch38,gatk4_hc,cpu,60,44,1693,3607,2026-07-15
ZY_Illumina_NA12878.grch38.bwa-mem.gatk4_hc.cpu.60x.s43,ZY_Illumina_NA12878,illumina_novaseq6000,grch38,gatk4_hc,cpu,60,43,1677,3712,2026-07-15
ZY_Illumina_NA12878.grch38.bwa-mem.gatk4_hc.cpu.75x.s43,ZY_Illumina_NA12878,illumina_novaseq6000,grch38,gatk4_hc,cpu,75,43,2057,4408,2026-07-15
ZY_Illumina_NA12878.grch38.bwa-mem.gatk4_hc.cpu.75x.s44,ZY_Illumina_NA12878,illumina_novaseq6000,grch38,gatk4_hc,cpu,75,44,2078,4391,2026-07-15
ZY_Illumina_NA12878.grch38.bwa-mem.gatk4_hc.cpu.75x.s42,ZY_Illumina_NA12878,illumina_novaseq6000,grch38,gatk4_hc,cpu,75,42,2082,4471,2026-07-15
ZY_Illumina_NA12878.grch38.bwa-mem.gatk4_hc.cpu.100x.s42,ZY_Illumina_NA12878,illumina_novaseq6000,grch38,gatk4_hc,cpu,100,42,2770,5723,2026-07-15
ZY_Illumina_NA12878.grch38.bwa-mem.gatk4_hc.cpu.100x.s44,ZY_Illumina_NA12878,illumina_novaseq6000,grch38,gatk4_hc,cpu,100,44,2817,5780,2026-07-15
ZY_Illumina_NA12878.grch38.bwa-mem.gatk4_hc.cpu.100x.s43,ZY_Illumina_NA12878,illumina_novaseq6000,grch38,gatk4_hc,cpu,100,43,2772,5944,2026-07-15
ZY_Illumina_NA12878.grch38.bwa-mem.deepvariant.cpu.5x.s42,ZY_Illumina_NA12878,illumina_novaseq6000,grch38,deepvariant,cpu,5,42,175,299,2026-07-15
ZY_Illumina_NA12878.grch38.bwa-mem.deepvariant.cpu.5x.s43,ZY_Illumina_NA12878,illumina_novaseq6000,grch38,deepvariant,cpu,5,43,185,301,2026-07-15
ZY_Illumina_NA12878.grch38.bwa-mem.deepvariant.cpu.5x.s44,ZY_Illumina_NA12878,illumina_novaseq6000,grch38,deepvariant,cpu,5,44,174,299,2026-07-15
ZY_Illumina_NA12878.grch38.bwa-mem.deepvariant.cpu.8x.s42,ZY_Illumina_NA12878,illumina_novaseq6000,grch38,deepvariant,cpu,8,42,204,321,2026-07-15
ZY_Illumina_NA12878.grch38.bwa-mem.deepvariant.cpu.8x.s43,ZY_Illumina_NA12878,illumina_novaseq6000,grch38,deepvariant,cpu,8,43,194,320,2026-07-15
ZY_Illumina_NA12878.grch38.bwa-mem.deepvariant.cpu.8x.s44,ZY_Illumina_NA12878,illumina_novaseq6000,grch38,deepvariant,cpu,8,44,209,325,2026-07-15
ZY_Illumina_NA12878.grch38.bwa-mem.deepvariant.cpu.10x.s42,ZY_Illumina_NA12878,illumina_novaseq6000,grch38,deepvariant,cpu,10,42,204,333,2026-07-15
ZY_Illumina_NA12878.grch38.bwa-mem.deepvariant.cpu.10x.s43,ZY_Illumina_NA12878,illumina_novaseq6000,grch38,deepvariant,cpu,10,43,218,340,2026-07-15
ZY_Illumina_NA12878.grch38.bwa-mem.deepvariant.cpu.10x.s44,ZY_Illumina_NA12878,illumina_novaseq6000,grch38,deepvariant,cpu,10,44,203,334,2026-07-15
ZY_Illumina_NA12878.grch38.bwa-mem.deepvariant.cpu.12x.s42,ZY_Illumina_NA12878,illumina_novaseq6000,grch38,deepvariant,cpu,12,42,229,349,2026-07-15
ZY_Illumina_NA12878.grch38.bwa-mem.deepvariant.cpu.12x.s43,ZY_Illumina_NA12878,illumina_novaseq6000,grch38,deepvariant,cpu,12,43,213,345,2026-07-15
ZY_Illumina_NA12878.grch38.bwa-mem.deepvariant.cpu.12x.s44,ZY_Illumina_NA12878,illumina_novaseq6000,grch38,deepvariant,cpu,12,44,230,352,2026-07-15
ZY_Illumina_NA12878.grch38.bwa-mem.deepvariant.cpu.15x.s42,ZY_Illumina_NA12878,illumina_novaseq6000,grch38,deepvariant,cpu,15,42,228,360,2026-07-15
ZY_Illumina_NA12878.grch38.bwa-mem.deepvariant.cpu.15x.s43,ZY_Illumina_NA12878,illumina_novaseq6000,grch38,deepvariant,cpu,15,43,242,361,2026-07-15
ZY_Illumina_NA12878.grch38.bwa-mem.deepvariant.cpu.15x.s44,ZY_Illumina_NA12878,illumina_novaseq6000,grch38,deepvariant,cpu,15,44,228,349,2026-07-15
ZY_Illumina_NA12878.grch38.bwa-mem.deepvariant.cpu.20x.s42,ZY_Illumina_NA12878,illumina_novaseq6000,grch38,deepvariant,cpu,20,42,266,386,2026-07-15
ZY_Illumina_NA12878.grch38.bwa-mem.deepvariant.cpu.20x.s43,ZY_Illumina_NA12878,illumina_novaseq6000,grch38,deepvariant,cpu,20,43,265,385,2026-07-15
ZY_Illumina_NA12878.grch38.bwa-mem.deepvariant.cpu.20x.s44,ZY_Illumina_NA12878,illumina_novaseq6000,grch38,deepvariant,cpu,20,44,265,384,2026-07-15
ZY_Illumina_NA12878.grch38.bwa-mem.deepvariant.cpu.25x.s42,ZY_Illumina_NA12878,illumina_novaseq6000,grch38,deepvariant,cpu,25,42,291,414,2026-07-15
ZY_Illumina_NA12878.grch38.bwa-mem.deepvariant.cpu.25x.s43,ZY_Illumina_NA12878,illumina_novaseq6000,grch38,deepvariant,cpu,25,43,290,409,2026-07-15
ZY_Illumina_NA12878.grch38.bwa-mem.deepvariant.cpu.25x.s44,ZY_Illumina_NA12878,illumina_novaseq6000,grch38,deepvariant,cpu,25,44,287,407,2026-07-15
ZY_Illumina_NA12878.grch38.bwa-mem.deepvariant.cpu.30x.s42,ZY_Illumina_NA12878,illumina_novaseq6000,grch38,deepvariant,cpu,30,42,314,436,2026-07-15
ZY_Illumina_NA12878.grch38.bwa-mem.deepvariant.cpu.30x.s43,ZY_Illumina_NA12878,illumina_novaseq6000,grch38,deepvariant,cpu,30,43,315,437,2026-07-15
ZY_Illumina_NA12878.grch38.bwa-mem.deepvariant.cpu.30x.s44,ZY_Illumina_NA12878,illumina_novaseq6000,grch38,deepvariant,cpu,30,44,314,435,2026-07-15
ZY_Illumina_NA12878.grch38.bwa-mem.deepvariant.cpu.40x.s42,ZY_Illumina_NA12878,illumina_novaseq6000,grch38,deepvariant,cpu,40,42,370,490,2026-07-15
ZY_Illumina_NA12878.grch38.bwa-mem.deepvariant.cpu.40x.s43,ZY_Illumina_NA12878,illumina_novaseq6000,grch38,deepvariant,cpu,40,43,368,489,2026-07-15
ZY_Illumina_NA12878.grch38.bwa-mem.gatk4_hc.cpu.150x.s42,ZY_Illumina_NA12878,illumina_novaseq6000,grch38,gatk4_hc,cpu,150,42,4748,9025,2026-07-15
ZY_Illumina_NA12878.grch38.bwa-mem.deepvariant.cpu.40x.s44,ZY_Illumina_NA12878,illumina_novaseq6000,grch38,deepvariant,cpu,40,44,366,487,2026-07-15
ZY_Illumina_NA12878.grch38.bwa-mem.gatk4_hc.cpu.150x.s43,ZY_Illumina_NA12878,illumina_novaseq6000,grch38,gatk4_hc,cpu,150,43,4738,9060,2026-07-15
ZY_Illumina_NA12878.grch38.bwa-mem.deepvariant.cpu.50x.s42,ZY_Illumina_NA12878,illumina_novaseq6000,grch38,deepvariant,cpu,50,42,434,558,2026-07-15
ZY_Illumina_NA12878.grch38.bwa-mem.gatk4_hc.cpu.150x.s44,ZY_Illumina_NA12878,illumina_novaseq6000,grch38,gatk4_hc,cpu,150,44,4769,9289,2026-07-15
ZY_Illumina_NA12878.grch38.bwa-mem.deepvariant.cpu.50x.s43,ZY_Illumina_NA12878,illumina_novaseq6000,grch38,deepvariant,cpu,50,43,490,627,2026-07-15
ZY_Illumina_NA12878.grch38.bwa-mem.deepvariant.cpu.50x.s44,ZY_Illumina_NA12878,illumina_novaseq6000,grch38,deepvariant,cpu,50,44,489,626,2026-07-15
ZY_Illumina_NA12878.grch38.bwa-mem.deepvariant.cpu.60x.s42,ZY_Illumina_NA12878,illumina_novaseq6000,grch38,deepvariant,cpu,60,42,538,666,2026-07-15
ZY_Illumina_NA12878.grch38.bwa-mem.deepvariant.cpu.60x.s43,ZY_Illumina_NA12878,illumina_novaseq6000,grch38,deepvariant,cpu,60,43,654,782,2026-07-15
ZY_Illumina_NA12878.grch38.bwa-mem.deepvariant.cpu.60x.s44,ZY_Illumina_NA12878,illumina_novaseq6000,grch38,deepvariant,cpu,60,44,619,749,2026-07-15
ZY_Illumina_NA12878.grch38.bwa-mem.deepvariant.cpu.75x.s42,ZY_Illumina_NA12878,illumina_novaseq6000,grch38,deepvariant,cpu,75,42,677,815,2026-07-15
ZY_Illumina_NA12878.grch38.bwa-mem.deepvariant.cpu.75x.s43,ZY_Illumina_NA12878,illumina_novaseq6000,grch38,deepvariant,cpu,75,43,711,844,2026-07-15
ZY_Illumina_NA12878.grch38.bwa-mem.deepvariant.cpu.75x.s44,ZY_Illumina_NA12878,illumina_novaseq6000,grch38,deepvariant,cpu,75,44,656,789,2026-07-15
ZY_Illumina_NA12878.grch38.bwa-mem.deepvariant.cpu.100x.s42,ZY_Illumina_NA12878,illumina_novaseq6000,grch38,deepvariant,cpu,100,42,879,1013,2026-07-15
ZY_Illumina_NA12878.grch38.bwa-mem.deepvariant.cpu.100x.s43,ZY_Illumina_NA12878,illumina_novaseq6000,grch38,deepvariant,cpu,100,43,920,1048,2026-07-15
ZY_Illumina_NA12878.grch38.bwa-mem.deepvariant.cpu.100x.s44,ZY_Illumina_NA12878,illumina_novaseq6000,grch38,deepvariant,cpu,100,44,835,984,2026-07-15
ZY_Illumina_NA12878.grch38.bwa-mem.deepvariant.cpu.150x.s42,ZY_Illumina_NA12878,illumina_novaseq6000,grch38,deepvariant,cpu,150,42,1146,1282,2026-07-15
ZY_Illumina_NA12878.grch38.bwa-mem.deepvariant.cpu.150x.s43,ZY_Illumina_NA12878,illumina_novaseq6000,grch38,deepvariant,cpu,150,43,1169,1292,2026-07-15
ZY_Illumina_NA12878.grch38.bwa-mem.deepvariant.cpu.150x.s44,ZY_Illumina_NA12878,illumina_novaseq6000,grch38,deepvariant,cpu,150,44,1080,1200,2026-07-15
ZY_Illumina_NA12878.grch38.bwa-mem.deepvariant.cpu.full.s0,ZY_Illumina_NA12878,illumina_novaseq6000,grch38,deepvariant,cpu,full,0,2450,2571,2026-07-15
ZY_Illumina_NA12878.grch38.bwa-mem.gatk4_hc.cpu.full.s0,ZY_Illumina_NA12878,illumina_novaseq6000,grch38,gatk4_hc,cpu,full,0,17736,33232,2026-07-16
ZY_BGI_NA12878.grch38.bwa-mem.gatk4_hc.cpu.5x.s44,ZY_BGI_NA12878,bgi_dnbseq_t7,grch38,gatk4_hc,cpu,5,44,354,719,2026-07-16
ZY_BGI_NA12878.grch38.bwa-mem.gatk4_hc.cpu.5x.s43,ZY_BGI_NA12878,bgi_dnbseq_t7,grch38,gatk4_hc,cpu,5,43,356,720,2026-07-16
ZY_BGI_NA12878.grch38.bwa-mem.gatk4_hc.cpu.5x.s42,ZY_BGI_NA12878,bgi_dnbseq_t7,grch38,gatk4_hc,cpu,5,42,357,725,2026-07-16
ZY_BGI_NA12878.grch38.bwa-mem.gatk4_hc.cpu.8x.s43,ZY_BGI_NA12878,bgi_dnbseq_t7,grch38,gatk4_hc,cpu,8,43,437,891,2026-07-16
ZY_BGI_NA12878.grch38.bwa-mem.gatk4_hc.cpu.8x.s42,ZY_BGI_NA12878,bgi_dnbseq_t7,grch38,gatk4_hc,cpu,8,42,441,891,2026-07-16
ZY_BGI_NA12878.grch38.bwa-mem.gatk4_hc.cpu.8x.s44,ZY_BGI_NA12878,bgi_dnbseq_t7,grch38,gatk4_hc,cpu,8,44,439,892,2026-07-16
ZY_BGI_NA12878.grch38.bwa-mem.gatk4_hc.cpu.10x.s43,ZY_BGI_NA12878,bgi_dnbseq_t7,grch38,gatk4_hc,cpu,10,43,474,985,2026-07-16
ZY_BGI_NA12878.grch38.bwa-mem.gatk4_hc.cpu.10x.s42,ZY_BGI_NA12878,bgi_dnbseq_t7,grch38,gatk4_hc,cpu,10,42,495,1007,2026-07-16
ZY_BGI_NA12878.grch38.bwa-mem.gatk4_hc.cpu.10x.s44,ZY_BGI_NA12878,bgi_dnbseq_t7,grch38,gatk4_hc,cpu,10,44,498,1013,2026-07-16
ZY_BGI_NA12878.grch38.bwa-mem.gatk4_hc.cpu.12x.s42,ZY_BGI_NA12878,bgi_dnbseq_t7,grch38,gatk4_hc,cpu,12,42,515,1096,2026-07-16
ZY_BGI_NA12878.grch38.bwa-mem.gatk4_hc.cpu.12x.s43,ZY_BGI_NA12878,bgi_dnbseq_t7,grch38,gatk4_hc,cpu,12,43,522,1109,2026-07-16
ZY_BGI_NA12878.grch38.bwa-mem.gatk4_hc.cpu.12x.s44,ZY_BGI_NA12878,bgi_dnbseq_t7,grch38,gatk4_hc,cpu,12,44,523,1109,2026-07-16
ZY_BGI_NA12878.grch38.bwa-mem.gatk4_hc.cpu.15x.s42,ZY_BGI_NA12878,bgi_dnbseq_t7,grch38,gatk4_hc,cpu,15,42,577,1239,2026-07-16
ZY_BGI_NA12878.grch38.bwa-mem.gatk4_hc.cpu.15x.s43,ZY_BGI_NA12878,bgi_dnbseq_t7,grch38,gatk4_hc,cpu,15,43,574,1235,2026-07-16
ZY_BGI_NA12878.grch38.bwa-mem.gatk4_hc.cpu.15x.s44,ZY_BGI_NA12878,bgi_dnbseq_t7,grch38,gatk4_hc,cpu,15,44,585,1255,2026-07-16
ZY_BGI_NA12878.grch38.bwa-mem.gatk4_hc.cpu.20x.s42,ZY_BGI_NA12878,bgi_dnbseq_t7,grch38,gatk4_hc,cpu,20,42,674,1486,2026-07-16
ZY_BGI_NA12878.grch38.bwa-mem.gatk4_hc.cpu.20x.s43,ZY_BGI_NA12878,bgi_dnbseq_t7,grch38,gatk4_hc,cpu,20,43,675,1487,2026-07-16
ZY_BGI_NA12878.grch38.bwa-mem.gatk4_hc.cpu.20x.s44,ZY_BGI_NA12878,bgi_dnbseq_t7,grch38,gatk4_hc,cpu,20,44,669,1488,2026-07-16
ZY_BGI_NA12878.grch38.bwa-mem.gatk4_hc.cpu.25x.s43,ZY_BGI_NA12878,bgi_dnbseq_t7,grch38,gatk4_hc,cpu,25,43,772,1725,2026-07-16
ZY_BGI_NA12878.grch38.bwa-mem.gatk4_hc.cpu.25x.s42,ZY_BGI_NA12878,bgi_dnbseq_t7,grch38,gatk4_hc,cpu,25,42,775,1749,2026-07-16
ZY_BGI_NA12878.grch38.bwa-mem.gatk4_hc.cpu.25x.s44,ZY_BGI_NA12878,bgi_dnbseq_t7,grch38,gatk4_hc,cpu,25,44,768,1709,2026-07-16
ZY_BGI_NA12878.grch38.bwa-mem.gatk4_hc.cpu.30x.s42,ZY_BGI_NA12878,bgi_dnbseq_t7,grch38,gatk4_hc,cpu,30,42,874,1987,2026-07-16
ZY_BGI_NA12878.grch38.bwa-mem.gatk4_hc.cpu.30x.s43,ZY_BGI_NA12878,bgi_dnbseq_t7,grch38,gatk4_hc,cpu,30,43,886,1984,2026-07-16
ZY_BGI_NA12878.grch38.bwa-mem.gatk4_hc.cpu.30x.s44,ZY_BGI_NA12878,bgi_dnbseq_t7,grch38,gatk4_hc,cpu,30,44,882,1987,2026-07-16
ZY_BGI_NA12878.grch38.bwa-mem.gatk4_hc.cpu.40x.s42,ZY_BGI_NA12878,bgi_dnbseq_t7,grch38,gatk4_hc,cpu,40,42,1068,2410,2026-07-16
ZY_BGI_NA12878.grch38.bwa-mem.gatk4_hc.cpu.40x.s43,ZY_BGI_NA12878,bgi_dnbseq_t7,grch38,gatk4_hc,cpu,40,43,1070,2432,2026-07-16
ZY_BGI_NA12878.grch38.bwa-mem.gatk4_hc.cpu.40x.s44,ZY_BGI_NA12878,bgi_dnbseq_t7,grch38,gatk4_hc,cpu,40,44,1110,2493,2026-07-16
ZY_BGI_NA12878.grch38.bwa-mem.gatk4_hc.cpu.50x.s42,ZY_BGI_NA12878,bgi_dnbseq_t7,grch38,gatk4_hc,cpu,50,42,1284,2956,2026-07-16
ZY_BGI_NA12878.grch38.bwa-mem.gatk4_hc.cpu.50x.s44,ZY_BGI_NA12878,bgi_dnbseq_t7,grch38,gatk4_hc,cpu,50,44,1304,2978,2026-07-16
ZY_BGI_NA12878.grch38.bwa-mem.gatk4_hc.cpu.50x.s43,ZY_BGI_NA12878,bgi_dnbseq_t7,grch38,gatk4_hc,cpu,50,43,1301,3041,2026-07-16
ZY_BGI_NA12878.grch38.bwa-mem.gatk4_hc.cpu.60x.s43,ZY_BGI_NA12878,bgi_dnbseq_t7,grch38,gatk4_hc,cpu,60,43,1476,3385,2026-07-16
ZY_BGI_NA12878.grch38.bwa-mem.gatk4_hc.cpu.60x.s42,ZY_BGI_NA12878,bgi_dnbseq_t7,grch38,gatk4_hc,cpu,60,42,1545,3458,2026-07-16
ZY_BGI_NA12878.grch38.bwa-mem.gatk4_hc.cpu.60x.s44,ZY_BGI_NA12878,bgi_dnbseq_t7,grch38,gatk4_hc,cpu,60,44,1532,3488,2026-07-16
ZY_BGI_NA12878.grch38.bwa-mem.gatk4_hc.cpu.75x.s43,ZY_BGI_NA12878,bgi_dnbseq_t7,grch38,gatk4_hc,cpu,75,43,1797,4214,2026-07-16
ZY_BGI_NA12878.grch38.bwa-mem.gatk4_hc.cpu.75x.s42,ZY_BGI_NA12878,bgi_dnbseq_t7,grch38,gatk4_hc,cpu,75,42,1810,4310,2026-07-16
ZY_BGI_NA12878.grch38.bwa-mem.gatk4_hc.cpu.75x.s44,ZY_BGI_NA12878,bgi_dnbseq_t7,grch38,gatk4_hc,cpu,75,44,1828,4276,2026-07-16
ZY_BGI_NA12878.grch38.bwa-mem.gatk4_hc.cpu.100x.s42,ZY_BGI_NA12878,bgi_dnbseq_t7,grch38,gatk4_hc,cpu,100,42,2458,5499,2026-07-16
ZY_BGI_NA12878.grch38.bwa-mem.gatk4_hc.cpu.100x.s43,ZY_BGI_NA12878,bgi_dnbseq_t7,grch38,gatk4_hc,cpu,100,43,2438,5483,2026-07-16
ZY_BGI_NA12878.grch38.bwa-mem.gatk4_hc.cpu.100x.s44,ZY_BGI_NA12878,bgi_dnbseq_t7,grch38,gatk4_hc,cpu,100,44,2420,5466,2026-07-16
ZY_BGI_NA12878.grch38.bwa-mem.deepvariant.cpu.5x.s42,ZY_BGI_NA12878,bgi_dnbseq_t7,grch38,deepvariant,cpu,5,42,183,307,2026-07-16
ZY_BGI_NA12878.grch38.bwa-mem.deepvariant.cpu.5x.s43,ZY_BGI_NA12878,bgi_dnbseq_t7,grch38,deepvariant,cpu,5,43,188,306,2026-07-16
ZY_BGI_NA12878.grch38.bwa-mem.deepvariant.cpu.5x.s44,ZY_BGI_NA12878,bgi_dnbseq_t7,grch38,deepvariant,cpu,5,44,183,302,2026-07-16
ZY_BGI_NA12878.grch38.bwa-mem.deepvariant.cpu.8x.s42,ZY_BGI_NA12878,bgi_dnbseq_t7,grch38,deepvariant,cpu,8,42,231,351,2026-07-16
ZY_BGI_NA12878.grch38.bwa-mem.deepvariant.cpu.8x.s43,ZY_BGI_NA12878,bgi_dnbseq_t7,grch38,deepvariant,cpu,8,43,225,347,2026-07-16
ZY_BGI_NA12878.grch38.bwa-mem.deepvariant.cpu.8x.s44,ZY_BGI_NA12878,bgi_dnbseq_t7,grch38,deepvariant,cpu,8,44,228,349,2026-07-16
ZY_BGI_NA12878.grch38.bwa-mem.deepvariant.cpu.10x.s42,ZY_BGI_NA12878,bgi_dnbseq_t7,grch38,deepvariant,cpu,10,42,260,381,2026-07-16
ZY_BGI_NA12878.grch38.bwa-mem.deepvariant.cpu.10x.s43,ZY_BGI_NA12878,bgi_dnbseq_t7,grch38,deepvariant,cpu,10,43,265,386,2026-07-17
ZY_BGI_NA12878.grch38.bwa-mem.deepvariant.cpu.10x.s44,ZY_BGI_NA12878,bgi_dnbseq_t7,grch38,deepvariant,cpu,10,44,263,385,2026-07-17
ZY_BGI_NA12878.grch38.bwa-mem.deepvariant.cpu.12x.s42,ZY_BGI_NA12878,bgi_dnbseq_t7,grch38,deepvariant,cpu,12,42,301,421,2026-07-17
ZY_BGI_NA12878.grch38.bwa-mem.deepvariant.cpu.12x.s43,ZY_BGI_NA12878,bgi_dnbseq_t7,grch38,deepvariant,cpu,12,43,295,418,2026-07-17
ZY_BGI_NA12878.grch38.bwa-mem.deepvariant.cpu.12x.s44,ZY_BGI_NA12878,bgi_dnbseq_t7,grch38,deepvariant,cpu,12,44,289,410,2026-07-17
ZY_BGI_NA12878.grch38.bwa-mem.deepvariant.cpu.15x.s42,ZY_BGI_NA12878,bgi_dnbseq_t7,grch38,deepvariant,cpu,15,42,364,486,2026-07-17
ZY_BGI_NA12878.grch38.bwa-mem.deepvariant.cpu.15x.s43,ZY_BGI_NA12878,bgi_dnbseq_t7,grch38,deepvariant,cpu,15,43,357,478,2026-07-17
ZY_BGI_NA12878.grch38.bwa-mem.deepvariant.cpu.15x.s44,ZY_BGI_NA12878,bgi_dnbseq_t7,grch38,deepvariant,cpu,15,44,367,486,2026-07-17
ZY_BGI_NA12878.grch38.bwa-mem.deepvariant.cpu.20x.s42,ZY_BGI_NA12878,bgi_dnbseq_t7,grch38,deepvariant,cpu,20,42,507,631,2026-07-17
ZY_BGI_NA12878.grch38.bwa-mem.deepvariant.cpu.20x.s43,ZY_BGI_NA12878,bgi_dnbseq_t7,grch38,deepvariant,cpu,20,43,503,625,2026-07-17
ZY_BGI_NA12878.grch38.bwa-mem.deepvariant.cpu.20x.s44,ZY_BGI_NA12878,bgi_dnbseq_t7,grch38,deepvariant,cpu,20,44,504,626,2026-07-17
ZY_BGI_NA12878.grch38.bwa-mem.deepvariant.cpu.25x.s42,ZY_BGI_NA12878,bgi_dnbseq_t7,grch38,deepvariant,cpu,25,42,692,816,2026-07-17
ZY_BGI_NA12878.grch38.bwa-mem.deepvariant.cpu.25x.s43,ZY_BGI_NA12878,bgi_dnbseq_t7,grch38,deepvariant,cpu,25,43,673,795,2026-07-17
ZY_BGI_NA12878.grch38.bwa-mem.gatk4_hc.cpu.150x.s43,ZY_BGI_NA12878,bgi_dnbseq_t7,grch38,gatk4_hc,cpu,150,43,3760,8190,2026-07-17
ZY_BGI_NA12878.grch38.bwa-mem.gatk4_hc.cpu.150x.s42,ZY_BGI_NA12878,bgi_dnbseq_t7,grch38,gatk4_hc,cpu,150,42,3845,8342,2026-07-17
ZY_BGI_NA12878.grch38.bwa-mem.gatk4_hc.cpu.150x.s44,ZY_BGI_NA12878,bgi_dnbseq_t7,grch38,gatk4_hc,cpu,150,44,3826,8352,2026-07-17
ZY_BGI_NA12878.grch38.bwa-mem.deepvariant.cpu.25x.s44,ZY_BGI_NA12878,bgi_dnbseq_t7,grch38,deepvariant,cpu,25,44,722,877,2026-07-17
ZY_BGI_NA12878.grch38.bwa-mem.deepvariant.cpu.30x.s42,ZY_BGI_NA12878,bgi_dnbseq_t7,grch38,deepvariant,cpu,30,42,966,1100,2026-07-17
ZY_BGI_NA12878.grch38.bwa-mem.deepvariant.cpu.30x.s43,ZY_BGI_NA12878,bgi_dnbseq_t7,grch38,deepvariant,cpu,30,43,961,1095,2026-07-17
ZY_BGI_NA12878.grch38.bwa-mem.deepvariant.cpu.30x.s44,ZY_BGI_NA12878,bgi_dnbseq_t7,grch38,deepvariant,cpu,30,44,951,1095,2026-07-17
ZY_BGI_NA12878.grch38.bwa-mem.deepvariant.cpu.40x.s42,ZY_BGI_NA12878,bgi_dnbseq_t7,grch38,deepvariant,cpu,40,42,1406,1552,2026-07-17
ZY_BGI_NA12878.grch38.bwa-mem.deepvariant.cpu.40x.s43,ZY_BGI_NA12878,bgi_dnbseq_t7,grch38,deepvariant,cpu,40,43,1353,1500,2026-07-17
ZY_BGI_NA12878.grch38.bwa-mem.deepvariant.cpu.40x.s44,ZY_BGI_NA12878,bgi_dnbseq_t7,grch38,deepvariant,cpu,40,44,1299,1445,2026-07-17
ZY_BGI_NA12878.grch38.bwa-mem.deepvariant.cpu.50x.s42,ZY_BGI_NA12878,bgi_dnbseq_t7,grch38,deepvariant,cpu,50,42,1614,1748,2026-07-17
ZY_BGI_NA12878.grch38.bwa-mem.deepvariant.cpu.50x.s43,ZY_BGI_NA12878,bgi_dnbseq_t7,grch38,deepvariant,cpu,50,43,1613,1751,2026-07-17
ZY_BGI_NA12878.grch38.bwa-mem.deepvariant.cpu.50x.s44,ZY_BGI_NA12878,bgi_dnbseq_t7,grch38,deepvariant,cpu,50,44,1614,1748,2026-07-17
ZY_BGI_NA12878.grch38.bwa-mem.deepvariant.cpu.60x.s42,ZY_BGI_NA12878,bgi_dnbseq_t7,grch38,deepvariant,cpu,60,42,1904,2057,2026-07-17
ZY_BGI_NA12878.grch38.bwa-mem.deepvariant.cpu.60x.s43,ZY_BGI_NA12878,bgi_dnbseq_t7,grch38,deepvariant,cpu,60,43,1773,1909,2026-07-17
ZY_BGI_NA12878.grch38.bwa-mem.deepvariant.cpu.60x.s44,ZY_BGI_NA12878,bgi_dnbseq_t7,grch38,deepvariant,cpu,60,44,1856,1998,2026-07-17
ZY_BGI_NA12878.grch38.bwa-mem.deepvariant.cpu.75x.s42,ZY_BGI_NA12878,bgi_dnbseq_t7,grch38,deepvariant,cpu,75,42,2085,2239,2026-07-17
ZY_BGI_NA12878.grch38.bwa-mem.deepvariant.cpu.75x.s43,ZY_BGI_NA12878,bgi_dnbseq_t7,grch38,deepvariant,cpu,75,43,2029,2172,2026-07-17
ZY_BGI_NA12878.grch38.bwa-mem.deepvariant.cpu.75x.s44,ZY_BGI_NA12878,bgi_dnbseq_t7,grch38,deepvariant,cpu,75,44,2003,2149,2026-07-17
ZY_BGI_NA12878.grch38.bwa-mem.deepvariant.cpu.100x.s42,ZY_BGI_NA12878,bgi_dnbseq_t7,grch38,deepvariant,cpu,100,42,2109,2262,2026-07-17
ZY_BGI_NA12878.grch38.bwa-mem.deepvariant.cpu.100x.s43,ZY_BGI_NA12878,bgi_dnbseq_t7,grch38,deepvariant,cpu,100,43,2147,2293,2026-07-17
ZY_BGI_NA12878.grch38.bwa-mem.deepvariant.cpu.100x.s44,ZY_BGI_NA12878,bgi_dnbseq_t7,grch38,deepvariant,cpu,100,44,2184,2319,2026-07-17
ZY_BGI_NA12878.grch38.bwa-mem.deepvariant.cpu.150x.s42,ZY_BGI_NA12878,bgi_dnbseq_t7,grch38,deepvariant,cpu,150,42,2140,2265,2026-07-17
ZY_GeneMind_NA12878.grch38.bwa-mem.gatk4_hc.cpu.5x.s42,ZY_GeneMind_NA12878,genemind_surfseq5000,grch38,gatk4_hc,cpu,5,42,491,896,2026-07-17
ZY_BGI_NA12878.grch38.bwa-mem.deepvariant.cpu.150x.s43,ZY_BGI_NA12878,bgi_dnbseq_t7,grch38,deepvariant,cpu,150,43,2093,2218,2026-07-17
ZY_GeneMind_NA12878.grch38.bwa-mem.gatk4_hc.cpu.5x.s43,ZY_GeneMind_NA12878,genemind_surfseq5000,grch38,gatk4_hc,cpu,5,43,484,867,2026-07-17
ZY_BGI_NA12878.grch38.bwa-mem.deepvariant.cpu.150x.s44,ZY_BGI_NA12878,bgi_dnbseq_t7,grch38,deepvariant,cpu,150,44,2028,2152,2026-07-17
ZY_GeneMind_NA12878.grch38.bwa-mem.gatk4_hc.cpu.5x.s44,ZY_GeneMind_NA12878,genemind_surfseq5000,grch38,gatk4_hc,cpu,5,44,475,860,2026-07-17
ZY_GeneMind_NA12878.grch38.bwa-mem.gatk4_hc.cpu.8x.s42,ZY_GeneMind_NA12878,genemind_surfseq5000,grch38,gatk4_hc,cpu,8,42,532,1022,2026-07-17
ZY_BGI_NA12878.grch38.bwa-mem.deepvariant.cpu.full.s0,ZY_BGI_NA12878,bgi_dnbseq_t7,grch38,deepvariant,cpu,full,0,2310,2432,2026-07-17
ZY_GeneMind_NA12878.grch38.bwa-mem.gatk4_hc.cpu.8x.s43,ZY_GeneMind_NA12878,genemind_surfseq5000,grch38,gatk4_hc,cpu,8,43,547,1019,2026-07-17
ZY_GeneMind_NA12878.grch38.bwa-mem.gatk4_hc.cpu.8x.s44,ZY_GeneMind_NA12878,genemind_surfseq5000,grch38,gatk4_hc,cpu,8,44,544,1015,2026-07-17
ZY_GeneMind_NA12878.grch38.bwa-mem.gatk4_hc.cpu.10x.s42,ZY_GeneMind_NA12878,genemind_surfseq5000,grch38,gatk4_hc,cpu,10,42,582,1122,2026-07-17
ZY_GeneMind_NA12878.grch38.bwa-mem.gatk4_hc.cpu.10x.s43,ZY_GeneMind_NA12878,genemind_surfseq5000,grch38,gatk4_hc,cpu,10,43,572,1126,2026-07-17
ZY_GeneMind_NA12878.grch38.bwa-mem.gatk4_hc.cpu.10x.s44,ZY_GeneMind_NA12878,genemind_surfseq5000,grch38,gatk4_hc,cpu,10,44,561,1100,2026-07-17
ZY_GeneMind_NA12878.grch38.bwa-mem.gatk4_hc.cpu.12x.s42,ZY_GeneMind_NA12878,genemind_surfseq5000,grch38,gatk4_hc,cpu,12,42,600,1194,2026-07-17
ZY_GeneMind_NA12878.grch38.bwa-mem.gatk4_hc.cpu.12x.s43,ZY_GeneMind_NA12878,genemind_surfseq5000,grch38,gatk4_hc,cpu,12,43,621,1265,2026-07-17
ZY_GeneMind_NA12878.grch38.bwa-mem.gatk4_hc.cpu.12x.s44,ZY_GeneMind_NA12878,genemind_surfseq5000,grch38,gatk4_hc,cpu,12,44,592,1179,2026-07-17
ZY_GeneMind_NA12878.grch38.bwa-mem.gatk4_hc.cpu.15x.s43,ZY_GeneMind_NA12878,genemind_surfseq5000,grch38,gatk4_hc,cpu,15,43,652,1341,2026-07-17
ZY_GeneMind_NA12878.grch38.bwa-mem.gatk4_hc.cpu.15x.s42,ZY_GeneMind_NA12878,genemind_surfseq5000,grch38,gatk4_hc,cpu,15,42,655,1395,2026-07-17
ZY_GeneMind_NA12878.grch38.bwa-mem.gatk4_hc.cpu.15x.s44,ZY_GeneMind_NA12878,genemind_surfseq5000,grch38,gatk4_hc,cpu,15,44,642,1330,2026-07-17
ZY_GeneMind_NA12878.grch38.bwa-mem.gatk4_hc.cpu.20x.s42,ZY_GeneMind_NA12878,genemind_surfseq5000,grch38,gatk4_hc,cpu,20,42,734,1572,2026-07-17
ZY_GeneMind_NA12878.grch38.bwa-mem.gatk4_hc.cpu.20x.s43,ZY_GeneMind_NA12878,genemind_surfseq5000,grch38,gatk4_hc,cpu,20,43,748,1600,2026-07-17
ZY_GeneMind_NA12878.grch38.bwa-mem.gatk4_hc.cpu.20x.s44,ZY_GeneMind_NA12878,genemind_surfseq5000,grch38,gatk4_hc,cpu,20,44,747,1592,2026-07-17
ZY_GeneMind_NA12878.grch38.bwa-mem.gatk4_hc.cpu.25x.s42,ZY_GeneMind_NA12878,genemind_surfseq5000,grch38,gatk4_hc,cpu,25,42,855,1850,2026-07-17
ZY_GeneMind_NA12878.grch38.bwa-mem.gatk4_hc.cpu.25x.s43,ZY_GeneMind_NA12878,genemind_surfseq5000,grch38,gatk4_hc,cpu,25,43,863,1856,2026-07-17
ZY_GeneMind_NA12878.grch38.bwa-mem.gatk4_hc.cpu.25x.s44,ZY_GeneMind_NA12878,genemind_surfseq5000,grch38,gatk4_hc,cpu,25,44,851,1842,2026-07-17
ZY_GeneMind_NA12878.grch38.bwa-mem.gatk4_hc.cpu.30x.s42,ZY_GeneMind_NA12878,genemind_surfseq5000,grch38,gatk4_hc,cpu,30,42,977,2146,2026-07-17
ZY_GeneMind_NA12878.grch38.bwa-mem.gatk4_hc.cpu.30x.s43,ZY_GeneMind_NA12878,genemind_surfseq5000,grch38,gatk4_hc,cpu,30,43,964,2125,2026-07-17
ZY_GeneMind_NA12878.grch38.bwa-mem.gatk4_hc.cpu.30x.s44,ZY_GeneMind_NA12878,genemind_surfseq5000,grch38,gatk4_hc,cpu,30,44,963,2104,2026-07-17
ZY_GeneMind_NA12878.grch38.bwa-mem.gatk4_hc.cpu.40x.s42,ZY_GeneMind_NA12878,genemind_surfseq5000,grch38,gatk4_hc,cpu,40,42,1212,2648,2026-07-17
ZY_GeneMind_NA12878.grch38.bwa-mem.gatk4_hc.cpu.40x.s43,ZY_GeneMind_NA12878,genemind_surfseq5000,grch38,gatk4_hc,cpu,40,43,1178,2609,2026-07-17
ZY_GeneMind_NA12878.grch38.bwa-mem.gatk4_hc.cpu.40x.s44,ZY_GeneMind_NA12878,genemind_surfseq5000,grch38,gatk4_hc,cpu,40,44,1208,2612,2026-07-17
ZY_GeneMind_NA12878.grch38.bwa-mem.gatk4_hc.cpu.50x.s42,ZY_GeneMind_NA12878,genemind_surfseq5000,grch38,gatk4_hc,cpu,50,42,1439,3312,2026-07-17
ZY_GeneMind_NA12878.grch38.bwa-mem.gatk4_hc.cpu.50x.s43,ZY_GeneMind_NA12878,genemind_surfseq5000,grch38,gatk4_hc,cpu,50,43,1474,3234,2026-07-17
ZY_GeneMind_NA12878.grch38.bwa-mem.gatk4_hc.cpu.50x.s44,ZY_GeneMind_NA12878,genemind_surfseq5000,grch38,gatk4_hc,cpu,50,44,1440,3181,2026-07-17
ZY_GeneMind_NA12878.grch38.bwa-mem.gatk4_hc.cpu.60x.s42,ZY_GeneMind_NA12878,genemind_surfseq5000,grch38,gatk4_hc,cpu,60,42,1722,3786,2026-07-17
ZY_GeneMind_NA12878.grch38.bwa-mem.gatk4_hc.cpu.60x.s43,ZY_GeneMind_NA12878,genemind_surfseq5000,grch38,gatk4_hc,cpu,60,43,1718,3714,2026-07-17
ZY_GeneMind_NA12878.grch38.bwa-mem.gatk4_hc.cpu.60x.s44,ZY_GeneMind_NA12878,genemind_surfseq5000,grch38,gatk4_hc,cpu,60,44,1758,3750,2026-07-17
ZY_GeneMind_NA12878.grch38.bwa-mem.gatk4_hc.cpu.75x.s42,ZY_GeneMind_NA12878,genemind_surfseq5000,grch38,gatk4_hc,cpu,75,42,2111,4570,2026-07-17
ZY_GeneMind_NA12878.grch38.bwa-mem.gatk4_hc.cpu.75x.s43,ZY_GeneMind_NA12878,genemind_surfseq5000,grch38,gatk4_hc,cpu,75,43,2073,4519,2026-07-17
ZY_GeneMind_NA12878.grch38.bwa-mem.gatk4_hc.cpu.75x.s44,ZY_GeneMind_NA12878,genemind_surfseq5000,grch38,gatk4_hc,cpu,75,44,2080,4540,2026-07-17
ZY_GeneMind_NA12878.grch38.bwa-mem.gatk4_hc.cpu.100x.s42,ZY_GeneMind_NA12878,genemind_surfseq5000,grch38,gatk4_hc,cpu,100,42,2662,5804,2026-07-17
ZY_GeneMind_NA12878.grch38.bwa-mem.gatk4_hc.cpu.100x.s43,ZY_GeneMind_NA12878,genemind_surfseq5000,grch38,gatk4_hc,cpu,100,43,2693,5859,2026-07-17
ZY_GeneMind_NA12878.grch38.bwa-mem.gatk4_hc.cpu.100x.s44,ZY_GeneMind_NA12878,genemind_surfseq5000,grch38,gatk4_hc,cpu,100,44,2678,5870,2026-07-17
ZY_GeneMind_NA12878.grch38.bwa-mem.deepvariant.cpu.5x.s42,ZY_GeneMind_NA12878,genemind_surfseq5000,grch38,deepvariant,cpu,5,42,177,292,2026-07-17
ZY_GeneMind_NA12878.grch38.bwa-mem.deepvariant.cpu.5x.s43,ZY_GeneMind_NA12878,genemind_surfseq5000,grch38,deepvariant,cpu,5,43,176,291,2026-07-17
ZY_GeneMind_NA12878.grch38.bwa-mem.deepvariant.cpu.5x.s44,ZY_GeneMind_NA12878,genemind_surfseq5000,grch38,deepvariant,cpu,5,44,175,291,2026-07-17
ZY_GeneMind_NA12878.grch38.bwa-mem.deepvariant.cpu.8x.s42,ZY_GeneMind_NA12878,genemind_surfseq5000,grch38,deepvariant,cpu,8,42,201,322,2026-07-17
ZY_GeneMind_NA12878.grch38.bwa-mem.deepvariant.cpu.8x.s43,ZY_GeneMind_NA12878,genemind_surfseq5000,grch38,deepvariant,cpu,8,43,202,321,2026-07-17
ZY_GeneMind_NA12878.grch38.bwa-mem.deepvariant.cpu.8x.s44,ZY_GeneMind_NA12878,genemind_surfseq5000,grch38,deepvariant,cpu,8,44,201,322,2026-07-17
ZY_GeneMind_NA12878.grch38.bwa-mem.deepvariant.cpu.10x.s42,ZY_GeneMind_NA12878,genemind_surfseq5000,grch38,deepvariant,cpu,10,42,214,334,2026-07-17
ZY_GeneMind_NA12878.grch38.bwa-mem.deepvariant.cpu.10x.s43,ZY_GeneMind_NA12878,genemind_surfseq5000,grch38,deepvariant,cpu,10,43,214,334,2026-07-17
ZY_GeneMind_NA12878.grch38.bwa-mem.deepvariant.cpu.10x.s44,ZY_GeneMind_NA12878,genemind_surfseq5000,grch38,deepvariant,cpu,10,44,214,333,2026-07-17
ZY_GeneMind_NA12878.grch38.bwa-mem.deepvariant.cpu.12x.s42,ZY_GeneMind_NA12878,genemind_surfseq5000,grch38,deepvariant,cpu,12,42,229,350,2026-07-17
ZY_GeneMind_NA12878.grch38.bwa-mem.deepvariant.cpu.12x.s43,ZY_GeneMind_NA12878,genemind_surfseq5000,grch38,deepvariant,cpu,12,43,242,361,2026-07-17
ZY_GeneMind_NA12878.grch38.bwa-mem.gatk4_hc.cpu.150x.s42,ZY_GeneMind_NA12878,genemind_surfseq5000,grch38,gatk4_hc,cpu,150,42,4139,8640,2026-07-17
ZY_GeneMind_NA12878.grch38.bwa-mem.deepvariant.cpu.12x.s44,ZY_GeneMind_NA12878,genemind_surfseq5000,grch38,deepvariant,cpu,12,44,232,362,2026-07-17
ZY_GeneMind_NA12878.grch38.bwa-mem.deepvariant.cpu.15x.s42,ZY_GeneMind_NA12878,genemind_surfseq5000,grch38,deepvariant,cpu,15,42,277,400,2026-07-17
ZY_GeneMind_NA12878.grch38.bwa-mem.deepvariant.cpu.15x.s43,ZY_GeneMind_NA12878,genemind_surfseq5000,grch38,deepvariant,cpu,15,43,247,379,2026-07-17
ZY_GeneMind_NA12878.grch38.bwa-mem.deepvariant.cpu.15x.s44,ZY_GeneMind_NA12878,genemind_surfseq5000,grch38,deepvariant,cpu,15,44,261,382,2026-07-17
ZY_GeneMind_NA12878.grch38.bwa-mem.gatk4_hc.cpu.150x.s43,ZY_GeneMind_NA12878,genemind_surfseq5000,grch38,gatk4_hc,cpu,150,43,4215,8785,2026-07-17
ZY_GeneMind_NA12878.grch38.bwa-mem.deepvariant.cpu.20x.s42,ZY_GeneMind_NA12878,genemind_surfseq5000,grch38,deepvariant,cpu,20,42,281,414,2026-07-17
ZY_GeneMind_NA12878.grch38.bwa-mem.deepvariant.cpu.20x.s43,ZY_GeneMind_NA12878,genemind_surfseq5000,grch38,deepvariant,cpu,20,43,288,410,2026-07-17
ZY_GeneMind_NA12878.grch38.bwa-mem.deepvariant.cpu.20x.s44,ZY_GeneMind_NA12878,genemind_surfseq5000,grch38,deepvariant,cpu,20,44,284,418,2026-07-17
ZY_GeneMind_NA12878.grch38.bwa-mem.deepvariant.cpu.25x.s42,ZY_GeneMind_NA12878,genemind_surfseq5000,grch38,deepvariant,cpu,25,42,335,469,2026-07-17
ZY_GeneMind_NA12878.grch38.bwa-mem.deepvariant.cpu.25x.s43,ZY_GeneMind_NA12878,genemind_surfseq5000,grch38,deepvariant,cpu,25,43,340,462,2026-07-17
ZY_GeneMind_NA12878.grch38.bwa-mem.deepvariant.cpu.25x.s44,ZY_GeneMind_NA12878,genemind_surfseq5000,grch38,deepvariant,cpu,25,44,330,455,2026-07-17
ZY_GeneMind_NA12878.grch38.bwa-mem.deepvariant.cpu.30x.s42,ZY_GeneMind_NA12878,genemind_surfseq5000,grch38,deepvariant,cpu,30,42,371,501,2026-07-17
ZY_GeneMind_NA12878.grch38.bwa-mem.deepvariant.cpu.30x.s43,ZY_GeneMind_NA12878,genemind_surfseq5000,grch38,deepvariant,cpu,30,43,373,495,2026-07-17
ZY_BGI_NA12878.grch38.bwa-mem.gatk4_hc.cpu.full.s0,ZY_BGI_NA12878,bgi_dnbseq_t7,grch38,gatk4_hc,cpu,full,0,20492,40459,2026-07-17
ZY_GeneMind_NA12878.grch38.bwa-mem.deepvariant.cpu.30x.s44,ZY_GeneMind_NA12878,genemind_surfseq5000,grch38,deepvariant,cpu,30,44,382,505,2026-07-17
ZY_GeneMind_NA12878.grch38.bwa-mem.deepvariant.cpu.40x.s42,ZY_GeneMind_NA12878,genemind_surfseq5000,grch38,deepvariant,cpu,40,42,466,596,2026-07-17
ZY_GeneMind_NA12878.grch38.bwa-mem.deepvariant.cpu.40x.s43,ZY_GeneMind_NA12878,genemind_surfseq5000,grch38,deepvariant,cpu,40,43,463,587,2026-07-17
ZY_GeneMind_NA12878.grch38.bwa-mem.deepvariant.cpu.40x.s44,ZY_GeneMind_NA12878,genemind_surfseq5000,grch38,deepvariant,cpu,40,44,479,602,2026-07-17
ZY_GeneMind_NA12878.grch38.bwa-mem.deepvariant.cpu.50x.s42,ZY_GeneMind_NA12878,genemind_surfseq5000,grch38,deepvariant,cpu,50,42,634,757,2026-07-17
ZY_GeneMind_NA12878.grch38.bwa-mem.gatk4_hc.cpu.150x.s44,ZY_GeneMind_NA12878,genemind_surfseq5000,grch38,gatk4_hc,cpu,150,44,4506,9093,2026-07-17
ZY_GeneMind_NA12878.grch38.bwa-mem.deepvariant.cpu.50x.s43,ZY_GeneMind_NA12878,genemind_surfseq5000,grch38,deepvariant,cpu,50,43,563,699,2026-07-17
ZY_GeneMind_NA12878.grch38.bwa-mem.deepvariant.cpu.50x.s44,ZY_GeneMind_NA12878,genemind_surfseq5000,grch38,deepvariant,cpu,50,44,582,714,2026-07-17
ZY_GeneMind_NA12878.grch38.bwa-mem.deepvariant.cpu.60x.s42,ZY_GeneMind_NA12878,genemind_surfseq5000,grch38,deepvariant,cpu,60,42,713,843,2026-07-17
ZY_GeneMind_NA12878.grch38.bwa-mem.deepvariant.cpu.60x.s43,ZY_GeneMind_NA12878,genemind_surfseq5000,grch38,deepvariant,cpu,60,43,766,905,2026-07-17
ZY_GeneMind_NA12878.grch38.bwa-mem.deepvariant.cpu.60x.s44,ZY_GeneMind_NA12878,genemind_surfseq5000,grch38,deepvariant,cpu,60,44,724,856,2026-07-17
ZY_GeneMind_NA12878.grch38.bwa-mem.deepvariant.cpu.75x.s42,ZY_GeneMind_NA12878,genemind_surfseq5000,grch38,deepvariant,cpu,75,42,921,1054,2026-07-17
ZY_GeneMind_NA12878.grch38.bwa-mem.deepvariant.cpu.75x.s43,ZY_GeneMind_NA12878,genemind_surfseq5000,grch38,deepvariant,cpu,75,43,919,1050,2026-07-17
ZY_GeneMind_NA12878.grch38.bwa-mem.deepvariant.cpu.75x.s44,ZY_GeneMind_NA12878,genemind_surfseq5000,grch38,deepvariant,cpu,75,44,927,1060,2026-07-17
ZY_GeneMind_NA12878.grch38.bwa-mem.deepvariant.cpu.100x.s42,ZY_GeneMind_NA12878,genemind_surfseq5000,grch38,deepvariant,cpu,100,42,1343,1480,2026-07-17
ZY_GeneMind_NA12878.grch38.bwa-mem.deepvariant.cpu.100x.s43,ZY_GeneMind_NA12878,genemind_surfseq5000,grch38,deepvariant,cpu,100,43,1330,1458,2026-07-17
ZY_GeneMind_NA12878.grch38.bwa-mem.deepvariant.cpu.100x.s44,ZY_GeneMind_NA12878,genemind_surfseq5000,grch38,deepvariant,cpu,100,44,1284,1427,2026-07-17
ZY_GeneMind_NA12878.grch38.bwa-mem.deepvariant.cpu.150x.s42,ZY_GeneMind_NA12878,genemind_surfseq5000,grch38,deepvariant,cpu,150,42,2065,2191,2026-07-17
ZY_GeneMind_NA12878.grch38.bwa-mem.deepvariant.cpu.150x.s43,ZY_GeneMind_NA12878,genemind_surfseq5000,grch38,deepvariant,cpu,150,43,1999,2121,2026-07-17
ZY_GeneMind_NA12878.grch38.bwa-mem.deepvariant.cpu.150x.s44,ZY_GeneMind_NA12878,genemind_surfseq5000,grch38,deepvariant,cpu,150,44,1898,2019,2026-07-17
ZY_GeneMind_NA12878.grch38.bwa-mem.deepvariant.cpu.full.s0,ZY_GeneMind_NA12878,genemind_surfseq5000,grch38,deepvariant,cpu,full,0,5977,6100,2026-07-17
ZY_GeneMind_NA12878.grch38.bwa-mem.gatk4_hc.cpu.full.s0,ZY_GeneMind_NA12878,genemind_surfseq5000,grch38,gatk4_hc,cpu,full,0,19312,37208,2026-07-17
ZY_Illumina_NA12878.grch38.pbrun_fq2bam.pbrun_haplotypecaller.gpu.15x.s42,ZY_Illumina_NA12878,illumina_novaseq6000,grch38,pbrun_haplotypecaller,gpu,15,42,135,383,2026-07-20
ZY_Illumina_NA12878.grch38.pbrun_fq2bam.pbrun_haplotypecaller.gpu.15x.s43,ZY_Illumina_NA12878,illumina_novaseq6000,grch38,pbrun_haplotypecaller,gpu,15,43,135,388,2026-07-20
ZY_Illumina_NA12878.grch38.pbrun_fq2bam.pbrun_haplotypecaller.gpu.15x.s44,ZY_Illumina_NA12878,illumina_novaseq6000,grch38,pbrun_haplotypecaller,gpu,15,44,106,471,2026-07-20
ZY_Illumina_NA12878.grch38.pbrun_fq2bam.pbrun_haplotypecaller.gpu.15x.s42,ZY_Illumina_NA12878,illumina_novaseq6000,grch38,pbrun_haplotypecaller,gpu,15,42,126,306,2026-07-20
ZY_Illumina_NA12878.grch38.pbrun_fq2bam.pbrun_haplotypecaller.gpu.15x.s43,ZY_Illumina_NA12878,illumina_novaseq6000,grch38,pbrun_haplotypecaller,gpu,15,43,134,316,2026-07-20
ZY_Illumina_NA12878.grch38.pbrun_fq2bam.pbrun_haplotypecaller.gpu.15x.s44,ZY_Illumina_NA12878,illumina_novaseq6000,grch38,pbrun_haplotypecaller,gpu,15,44,120,277,2026-07-20
ZY_Illumina_NA12878.grch38.pbrun_fq2bam.pbrun_haplotypecaller.gpu.30x.s42,ZY_Illumina_NA12878,illumina_novaseq6000,grch38,pbrun_haplotypecaller,gpu,30,42,118,425,2026-07-20
ZY_Illumina_NA12878.grch38.pbrun_fq2bam.pbrun_haplotypecaller.gpu.30x.s43,ZY_Illumina_NA12878,illumina_novaseq6000,grch38,pbrun_haplotypecaller,gpu,30,43,108,405,2026-07-20
ZY_Illumina_NA12878.grch38.pbrun_fq2bam.pbrun_haplotypecaller.gpu.30x.s44,ZY_Illumina_NA12878,illumina_novaseq6000,grch38,pbrun_haplotypecaller,gpu,30,44,136,430,2026-07-20
ZY_Illumina_NA12878.grch38.pbrun_fq2bam.pbrun_haplotypecaller.gpu.50x.s42,ZY_Illumina_NA12878,illumina_novaseq6000,grch38,pbrun_haplotypecaller,gpu,50,42,130,471,2026-07-20
ZY_Illumina_NA12878.grch38.pbrun_fq2bam.pbrun_haplotypecaller.gpu.50x.s43,ZY_Illumina_NA12878,illumina_novaseq6000,grch38,pbrun_haplotypecaller,gpu,50,43,105,431,2026-07-20
ZY_Illumina_NA12878.grch38.pbrun_fq2bam.pbrun_haplotypecaller.gpu.50x.s44,ZY_Illumina_NA12878,illumina_novaseq6000,grch38,pbrun_haplotypecaller,gpu,50,44,107,455,2026-07-20
ZY_Illumina_NA12878.grch38.pbrun_fq2bam.pbrun_deepvariant.gpu.15x.s42,ZY_Illumina_NA12878,illumina_novaseq6000,grch38,pbrun_deepvariant,gpu,15,42,35,171,2026-07-20
ZY_Illumina_NA12878.grch38.pbrun_fq2bam.pbrun_haplotypecaller.gpu.full.s0,ZY_Illumina_NA12878,illumina_novaseq6000,grch38,pbrun_haplotypecaller,gpu,full,0,636,1792,2026-07-20
ZY_Illumina_NA12878.grch38.pbrun_fq2bam.pbrun_deepvariant.gpu.15x.s43,ZY_Illumina_NA12878,illumina_novaseq6000,grch38,pbrun_deepvariant,gpu,15,43,34,155,2026-07-20
ZY_Illumina_NA12878.grch38.pbrun_fq2bam.pbrun_deepvariant.gpu.15x.s44,ZY_Illumina_NA12878,illumina_novaseq6000,grch38,pbrun_deepvariant,gpu,15,44,34,157,2026-07-20
ZY_Illumina_NA12878.grch38.pbrun_fq2bam.pbrun_deepvariant.gpu.30x.s42,ZY_Illumina_NA12878,illumina_novaseq6000,grch38,pbrun_deepvariant,gpu,30,42,34,156,2026-07-20
ZY_Illumina_NA12878.grch38.pbrun_fq2bam.pbrun_deepvariant.gpu.30x.s43,ZY_Illumina_NA12878,illumina_novaseq6000,grch38,pbrun_deepvariant,gpu,30,43,34,155,2026-07-20
ZY_Illumina_NA12878.grch38.pbrun_fq2bam.pbrun_deepvariant.gpu.30x.s44,ZY_Illumina_NA12878,illumina_novaseq6000,grch38,pbrun_deepvariant,gpu,30,44,33,156,2026-07-20
ZY_Illumina_NA12878.grch38.pbrun_fq2bam.pbrun_deepvariant.gpu.50x.s42,ZY_Illumina_NA12878,illumina_novaseq6000,grch38,pbrun_deepvariant,gpu,50,42,46,167,2026-07-20
ZY_Illumina_NA12878.grch38.pbrun_fq2bam.pbrun_deepvariant.gpu.50x.s43,ZY_Illumina_NA12878,illumina_novaseq6000,grch38,pbrun_deepvariant,gpu,50,43,45,167,2026-07-20
ZY_Illumina_NA12878.grch38.pbrun_fq2bam.pbrun_deepvariant.gpu.50x.s44,ZY_Illumina_NA12878,illumina_novaseq6000,grch38,pbrun_deepvariant,gpu,50,44,54,179,2026-07-20
ZY_BGI_NA12878.grch38.pbrun_fq2bam.pbrun_haplotypecaller.gpu.15x.s42,ZY_BGI_NA12878,bgi_dnbseq_t7,grch38,pbrun_haplotypecaller,gpu,15,42,94,307,2026-07-20
ZY_Illumina_NA12878.grch38.pbrun_fq2bam.pbrun_deepvariant.gpu.full.s0,ZY_Illumina_NA12878,illumina_novaseq6000,grch38,pbrun_deepvariant,gpu,full,0,358,479,2026-07-20
ZY_BGI_NA12878.grch38.pbrun_fq2bam.pbrun_haplotypecaller.gpu.15x.s44,ZY_BGI_NA12878,bgi_dnbseq_t7,grch38,pbrun_haplotypecaller,gpu,15,44,95,300,2026-07-20
ZY_BGI_NA12878.grch38.pbrun_fq2bam.pbrun_haplotypecaller.gpu.15x.s43,ZY_BGI_NA12878,bgi_dnbseq_t7,grch38,pbrun_haplotypecaller,gpu,15,43,95,307,2026-07-20
ZY_BGI_NA12878.grch38.pbrun_fq2bam.pbrun_haplotypecaller.gpu.30x.s43,ZY_BGI_NA12878,bgi_dnbseq_t7,grch38,pbrun_haplotypecaller,gpu,30,43,95,336,2026-07-20
ZY_BGI_NA12878.grch38.pbrun_fq2bam.pbrun_haplotypecaller.gpu.30x.s42,ZY_BGI_NA12878,bgi_dnbseq_t7,grch38,pbrun_haplotypecaller,gpu,30,42,95,339,2026-07-20
ZY_BGI_NA12878.grch38.pbrun_fq2bam.pbrun_haplotypecaller.gpu.30x.s44,ZY_BGI_NA12878,bgi_dnbseq_t7,grch38,pbrun_haplotypecaller,gpu,30,44,95,332,2026-07-20
ZY_BGI_NA12878.grch38.pbrun_fq2bam.pbrun_haplotypecaller.gpu.50x.s42,ZY_BGI_NA12878,bgi_dnbseq_t7,grch38,pbrun_haplotypecaller,gpu,50,42,95,379,2026-07-20
ZY_BGI_NA12878.grch38.pbrun_fq2bam.pbrun_haplotypecaller.gpu.50x.s43,ZY_BGI_NA12878,bgi_dnbseq_t7,grch38,pbrun_haplotypecaller,gpu,50,43,95,376,2026-07-20
ZY_BGI_NA12878.grch38.pbrun_fq2bam.pbrun_haplotypecaller.gpu.50x.s44,ZY_BGI_NA12878,bgi_dnbseq_t7,grch38,pbrun_haplotypecaller,gpu,50,44,95,370,2026-07-20
ZY_BGI_NA12878.grch38.pbrun_fq2bam.pbrun_deepvariant.gpu.15x.s42,ZY_BGI_NA12878,bgi_dnbseq_t7,grch38,pbrun_deepvariant,gpu,15,42,38,162,2026-07-20
ZY_Illumina_NA12878.b37.bwa-mem.deepvariant.cpu.full.s0,ZY_Illumina_NA12878,illumina_novaseq6000,b37,deepvariant,cpu,full,0,1336,1442,2026-07-20
ZY_BGI_NA12878.grch38.pbrun_fq2bam.pbrun_haplotypecaller.gpu.full.s0,ZY_BGI_NA12878,bgi_dnbseq_t7,grch38,pbrun_haplotypecaller,gpu,full,0,766,2115,2026-07-20
ZY_BGI_NA12878.grch38.pbrun_fq2bam.pbrun_deepvariant.gpu.15x.s44,ZY_BGI_NA12878,bgi_dnbseq_t7,grch38,pbrun_deepvariant,gpu,15,44,33,156,2026-07-20
ZY_BGI_NA12878.grch38.pbrun_fq2bam.pbrun_deepvariant.gpu.15x.s43,ZY_BGI_NA12878,bgi_dnbseq_t7,grch38,pbrun_deepvariant,gpu,15,43,34,158,2026-07-20
ZY_BGI_NA12878.grch38.pbrun_fq2bam.pbrun_deepvariant.gpu.30x.s42,ZY_BGI_NA12878,bgi_dnbseq_t7,grch38,pbrun_deepvariant,gpu,30,42,51,171,2026-07-20
ZY_BGI_NA12878.grch38.pbrun_fq2bam.pbrun_deepvariant.gpu.30x.s43,ZY_BGI_NA12878,bgi_dnbseq_t7,grch38,pbrun_deepvariant,gpu,30,43,51,173,2026-07-20
ZY_BGI_NA12878.grch38.pbrun_fq2bam.pbrun_deepvariant.gpu.30x.s44,ZY_BGI_NA12878,bgi_dnbseq_t7,grch38,pbrun_deepvariant,gpu,30,44,46,173,2026-07-20
ZY_BGI_NA12878.grch38.pbrun_fq2bam.pbrun_deepvariant.gpu.50x.s42,ZY_BGI_NA12878,bgi_dnbseq_t7,grch38,pbrun_deepvariant,gpu,50,42,64,189,2026-07-20
ZY_BGI_NA12878.grch38.pbrun_fq2bam.pbrun_deepvariant.gpu.50x.s43,ZY_BGI_NA12878,bgi_dnbseq_t7,grch38,pbrun_deepvariant,gpu,50,43,57,188,2026-07-20
ZY_BGI_NA12878.grch38.pbrun_fq2bam.pbrun_deepvariant.gpu.50x.s44,ZY_BGI_NA12878,bgi_dnbseq_t7,grch38,pbrun_deepvariant,gpu,50,44,57,186,2026-07-20
ZY_BGI_NA12878.b37.bwa-mem.deepvariant.cpu.full.s0,ZY_BGI_NA12878,bgi_dnbseq_t7,b37,deepvariant,cpu,full,0,1219,1326,2026-07-20
ZY_GeneMind_NA12878.grch38.pbrun_fq2bam.pbrun_haplotypecaller.gpu.15x.s42,ZY_GeneMind_NA12878,genemind_surfseq5000,grch38,pbrun_haplotypecaller,gpu,15,42,95,318,2026-07-20
ZY_BGI_NA12878.grch38.pbrun_fq2bam.pbrun_deepvariant.gpu.full.s0,ZY_BGI_NA12878,bgi_dnbseq_t7,grch38,pbrun_deepvariant,gpu,full,0,533,653,2026-07-20
ZY_GeneMind_NA12878.grch38.pbrun_fq2bam.pbrun_haplotypecaller.gpu.15x.s43,ZY_GeneMind_NA12878,genemind_surfseq5000,grch38,pbrun_haplotypecaller,gpu,15,43,95,305,2026-07-20
ZY_GeneMind_NA12878.grch38.pbrun_fq2bam.pbrun_haplotypecaller.gpu.15x.s44,ZY_GeneMind_NA12878,genemind_surfseq5000,grch38,pbrun_haplotypecaller,gpu,15,44,95,309,2026-07-20
ZY_GeneMind_NA12878.grch38.pbrun_fq2bam.pbrun_haplotypecaller.gpu.30x.s42,ZY_GeneMind_NA12878,genemind_surfseq5000,grch38,pbrun_haplotypecaller,gpu,30,42,95,347,2026-07-20
ZY_GeneMind_NA12878.grch38.pbrun_fq2bam.pbrun_haplotypecaller.gpu.30x.s43,ZY_GeneMind_NA12878,genemind_surfseq5000,grch38,pbrun_haplotypecaller,gpu,30,43,95,345,2026-07-20
ZY_GeneMind_NA12878.grch38.pbrun_fq2bam.pbrun_haplotypecaller.gpu.30x.s44,ZY_GeneMind_NA12878,genemind_surfseq5000,grch38,pbrun_haplotypecaller,gpu,30,44,95,338,2026-07-20
ZY_GeneMind_NA12878.grch38.pbrun_fq2bam.pbrun_haplotypecaller.gpu.50x.s42,ZY_GeneMind_NA12878,genemind_surfseq5000,grch38,pbrun_haplotypecaller,gpu,50,42,95,379,2026-07-20
ZY_GeneMind_NA12878.grch38.pbrun_fq2bam.pbrun_haplotypecaller.gpu.50x.s43,ZY_GeneMind_NA12878,genemind_surfseq5000,grch38,pbrun_haplotypecaller,gpu,50,43,95,382,2026-07-20
ZY_GeneMind_NA12878.grch38.pbrun_fq2bam.pbrun_haplotypecaller.gpu.50x.s44,ZY_GeneMind_NA12878,genemind_surfseq5000,grch38,pbrun_haplotypecaller,gpu,50,44,95,378,2026-07-20
ZY_GeneMind_NA12878.grch38.pbrun_fq2bam.pbrun_deepvariant.gpu.15x.s42,ZY_GeneMind_NA12878,genemind_surfseq5000,grch38,pbrun_deepvariant,gpu,15,42,34,154,2026-07-20
ZY_GeneMind_NA12878.grch38.pbrun_fq2bam.pbrun_haplotypecaller.gpu.full.s0,ZY_GeneMind_NA12878,genemind_surfseq5000,grch38,pbrun_haplotypecaller,gpu,full,0,755,2022,2026-07-20
ZY_GeneMind_NA12878.grch38.pbrun_fq2bam.pbrun_deepvariant.gpu.15x.s44,ZY_GeneMind_NA12878,genemind_surfseq5000,grch38,pbrun_deepvariant,gpu,15,44,46,167,2026-07-20
ZY_GeneMind_NA12878.grch38.pbrun_fq2bam.pbrun_deepvariant.gpu.15x.s43,ZY_GeneMind_NA12878,genemind_surfseq5000,grch38,pbrun_deepvariant,gpu,15,43,46,168,2026-07-20
ZY_GeneMind_NA12878.grch38.pbrun_fq2bam.pbrun_deepvariant.gpu.30x.s42,ZY_GeneMind_NA12878,genemind_surfseq5000,grch38,pbrun_deepvariant,gpu,30,42,63,185,2026-07-20
ZY_GeneMind_NA12878.grch38.pbrun_fq2bam.pbrun_deepvariant.gpu.30x.s43,ZY_GeneMind_NA12878,genemind_surfseq5000,grch38,pbrun_deepvariant,gpu,30,43,69,190,2026-07-20
ZY_GeneMind_NA12878.grch38.pbrun_fq2bam.pbrun_deepvariant.gpu.30x.s44,ZY_GeneMind_NA12878,genemind_surfseq5000,grch38,pbrun_deepvariant,gpu,30,44,69,193,2026-07-20
ZY_GeneMind_NA12878.grch38.pbrun_fq2bam.pbrun_deepvariant.gpu.50x.s42,ZY_GeneMind_NA12878,genemind_surfseq5000,grch38,pbrun_deepvariant,gpu,50,42,101,225,2026-07-20
ZY_GeneMind_NA12878.grch38.pbrun_fq2bam.pbrun_deepvariant.gpu.50x.s43,ZY_GeneMind_NA12878,genemind_surfseq5000,grch38,pbrun_deepvariant,gpu,50,43,88,212,2026-07-20
ZY_GeneMind_NA12878.grch38.pbrun_fq2bam.pbrun_deepvariant.gpu.50x.s44,ZY_GeneMind_NA12878,genemind_surfseq5000,grch38,pbrun_deepvariant,gpu,50,44,94,218,2026-07-20
ZY_GeneMind_NA12878.grch38.pbrun_fq2bam.pbrun_deepvariant.gpu.full.s0,ZY_GeneMind_NA12878,genemind_surfseq5000,grch38,pbrun_deepvariant,gpu,full,0,751,874,2026-07-20
ZY_Illumina_NA12878.b37.bwa-mem.gatk4_hc.cpu.full.s0,ZY_Illumina_NA12878,illumina_novaseq6000,b37,gatk4_hc,cpu,full,0,18972,34399,2026-07-20
ZY_GeneMind_NA12878.b37.bwa-mem.deepvariant.cpu.full.s0,ZY_GeneMind_NA12878,genemind_surfseq5000,b37,deepvariant,cpu,full,0,3101,3206,2026-07-20
ZY_BGI_NA12878.b37.bwa-mem.gatk4_hc.cpu.full.s0,ZY_BGI_NA12878,bgi_dnbseq_t7,b37,gatk4_hc,cpu,full,0,21009,40210,2026-07-20
ZY_GeneMind_NA12878.b37.bwa-mem.gatk4_hc.cpu.full.s0,ZY_GeneMind_NA12878,genemind_surfseq5000,b37,gatk4_hc,cpu,full,0,20502,38065,2026-07-20
ZY_BGI_NA12878.grch38.pbrun_fq2bam.pbrun_deepvariant.gpu.5x.s42,ZY_BGI_NA12878,bgi_dnbseq_t7,grch38,pbrun_deepvariant,gpu,5,42,17,219,2026-07-30
ZY_BGI_NA12878.grch38.pbrun_fq2bam.pbrun_deepvariant.gpu.5x.s42,ZY_BGI_NA12878,bgi_dnbseq_t7,grch38,pbrun_deepvariant,gpu,5,42,26,177,2026-07-30
ZY_BGI_NA12878.grch38.pbrun_fq2bam.pbrun_deepvariant.gpu.5x.s43,ZY_BGI_NA12878,bgi_dnbseq_t7,grch38,pbrun_deepvariant,gpu,5,43,25,257,2026-07-30
ZY_BGI_NA12878.grch38.pbrun_fq2bam.pbrun_deepvariant.gpu.5x.s44,ZY_BGI_NA12878,bgi_dnbseq_t7,grch38,pbrun_deepvariant,gpu,5,44,16,224,2026-07-30
ZY_BGI_NA12878.grch38.pbrun_fq2bam.pbrun_haplotypecaller.gpu.5x.s42,ZY_BGI_NA12878,bgi_dnbseq_t7,grch38,pbrun_haplotypecaller,gpu,5,42,119,325,2026-07-30
ZY_BGI_NA12878.grch38.pbrun_fq2bam.pbrun_haplotypecaller.gpu.5x.s43,ZY_BGI_NA12878,bgi_dnbseq_t7,grch38,pbrun_haplotypecaller,gpu,5,43,96,285,2026-07-30
ZY_BGI_NA12878.grch38.pbrun_fq2bam.pbrun_haplotypecaller.gpu.5x.s44,ZY_BGI_NA12878,bgi_dnbseq_t7,grch38,pbrun_haplotypecaller,gpu,5,44,96,301,2026-07-30
ZY_GeneMind_NA12878.grch38.pbrun_fq2bam.pbrun_deepvariant.gpu.5x.s42,ZY_GeneMind_NA12878,genemind_surfseq5000,grch38,pbrun_deepvariant,gpu,5,42,22,240,2026-07-30
ZY_GeneMind_NA12878.grch38.pbrun_fq2bam.pbrun_deepvariant.gpu.5x.s43,ZY_GeneMind_NA12878,genemind_surfseq5000,grch38,pbrun_deepvariant,gpu,5,43,23,238,2026-07-30
ZY_GeneMind_NA12878.grch38.pbrun_fq2bam.pbrun_deepvariant.gpu.5x.s44,ZY_GeneMind_NA12878,genemind_surfseq5000,grch38,pbrun_deepvariant,gpu,5,44,27,271,2026-07-30
ZY_GeneMind_NA12878.grch38.pbrun_fq2bam.pbrun_haplotypecaller.gpu.5x.s42,ZY_GeneMind_NA12878,genemind_surfseq5000,grch38,pbrun_haplotypecaller,gpu,5,42,130,350,2026-07-30
ZY_GeneMind_NA12878.grch38.pbrun_fq2bam.pbrun_haplotypecaller.gpu.5x.s43,ZY_GeneMind_NA12878,genemind_surfseq5000,grch38,pbrun_haplotypecaller,gpu,5,43,108,355,2026-07-30
ZY_GeneMind_NA12878.grch38.pbrun_fq2bam.pbrun_haplotypecaller.gpu.5x.s44,ZY_GeneMind_NA12878,genemind_surfseq5000,grch38,pbrun_haplotypecaller,gpu,5,44,97,319,2026-07-30
ZY_Illumina_NA12878.grch38.pbrun_fq2bam.pbrun_deepvariant.gpu.5x.s42,ZY_Illumina_NA12878,illumina_novaseq6000,grch38,pbrun_deepvariant,gpu,5,42,32,265,2026-07-30
ZY_Illumina_NA12878.grch38.pbrun_fq2bam.pbrun_deepvariant.gpu.5x.s43,ZY_Illumina_NA12878,illumina_novaseq6000,grch38,pbrun_deepvariant,gpu,5,43,32,280,2026-07-30
ZY_Illumina_NA12878.grch38.pbrun_fq2bam.pbrun_deepvariant.gpu.5x.s44,ZY_Illumina_NA12878,illumina_novaseq6000,grch38,pbrun_deepvariant,gpu,5,44,26,235,2026-07-30
ZY_Illumina_NA12878.grch38.pbrun_fq2bam.pbrun_haplotypecaller.gpu.5x.s42,ZY_Illumina_NA12878,illumina_novaseq6000,grch38,pbrun_haplotypecaller,gpu,5,42,95,285,2026-07-30
ZY_Illumina_NA12878.grch38.pbrun_fq2bam.pbrun_haplotypecaller.gpu.5x.s43,ZY_Illumina_NA12878,illumina_novaseq6000,grch38,pbrun_haplotypecaller,gpu,5,43,94,282,2026-07-30
ZY_Illumina_NA12878.grch38.pbrun_fq2bam.pbrun_haplotypecaller.gpu.5x.s44,ZY_Illumina_NA12878,illumina_novaseq6000,grch38,pbrun_haplotypecaller,gpu,5,44,96,284,2026-07-30
ZY_BGI_NA12878.grch38.pbrun_fq2bam.pbrun_deepvariant.gpu.10x.s42,ZY_BGI_NA12878,bgi_dnbseq_t7,grch38,pbrun_deepvariant,gpu,10,42,22,227,2026-07-30
ZY_BGI_NA12878.grch38.pbrun_fq2bam.pbrun_deepvariant.gpu.10x.s43,ZY_BGI_NA12878,bgi_dnbseq_t7,grch38,pbrun_deepvariant,gpu,10,43,23,242,2026-07-30
ZY_BGI_NA12878.grch38.pbrun_fq2bam.pbrun_deepvariant.gpu.10x.s44,ZY_BGI_NA12878,bgi_dnbseq_t7,grch38,pbrun_deepvariant,gpu,10,44,22,241,2026-07-30
ZY_BGI_NA12878.grch38.bwa-mem.deepvariant.cpu.200x.s42,ZY_BGI_NA12878,bgi_dnbseq_t7,grch38,deepvariant,cpu,200,42,662,5814,2026-07-30
ZY_BGI_NA12878.grch38.pbrun_fq2bam.pbrun_haplotypecaller.gpu.10x.s42,ZY_BGI_NA12878,bgi_dnbseq_t7,grch38,pbrun_haplotypecaller,gpu,10,42,96,295,2026-07-30
ZY_BGI_NA12878.grch38.pbrun_fq2bam.pbrun_haplotypecaller.gpu.10x.s43,ZY_BGI_NA12878,bgi_dnbseq_t7,grch38,pbrun_haplotypecaller,gpu,10,43,95,294,2026-07-30
ZY_BGI_NA12878.grch38.pbrun_fq2bam.pbrun_haplotypecaller.gpu.10x.s44,ZY_BGI_NA12878,bgi_dnbseq_t7,grch38,pbrun_haplotypecaller,gpu,10,44,95,294,2026-07-30
ZY_GeneMind_NA12878.grch38.pbrun_fq2bam.pbrun_deepvariant.gpu.10x.s42,ZY_GeneMind_NA12878,genemind_surfseq5000,grch38,pbrun_deepvariant,gpu,10,42,28,232,2026-07-30
ZY_GeneMind_NA12878.grch38.pbrun_fq2bam.pbrun_deepvariant.gpu.10x.s43,ZY_GeneMind_NA12878,genemind_surfseq5000,grch38,pbrun_deepvariant,gpu,10,43,29,244,2026-07-30
ZY_GeneMind_NA12878.grch38.pbrun_fq2bam.pbrun_deepvariant.gpu.10x.s44,ZY_GeneMind_NA12878,genemind_surfseq5000,grch38,pbrun_deepvariant,gpu,10,44,28,231,2026-07-30
ZY_GeneMind_NA12878.grch38.pbrun_fq2bam.pbrun_haplotypecaller.gpu.10x.s42,ZY_GeneMind_NA12878,genemind_surfseq5000,grch38,pbrun_haplotypecaller,gpu,10,42,95,306,2026-07-30
ZY_GeneMind_NA12878.grch38.pbrun_fq2bam.pbrun_haplotypecaller.gpu.10x.s43,ZY_GeneMind_NA12878,genemind_surfseq5000,grch38,pbrun_haplotypecaller,gpu,10,43,96,303,2026-07-30
ZY_GeneMind_NA12878.grch38.pbrun_fq2bam.pbrun_haplotypecaller.gpu.10x.s44,ZY_GeneMind_NA12878,genemind_surfseq5000,grch38,pbrun_haplotypecaller,gpu,10,44,95,307,2026-07-30
ZY_Illumina_NA12878.grch38.pbrun_fq2bam.pbrun_deepvariant.gpu.10x.s42,ZY_Illumina_NA12878,illumina_novaseq6000,grch38,pbrun_deepvariant,gpu,10,42,23,220,2026-07-30
ZY_Illumina_NA12878.grch38.pbrun_fq2bam.pbrun_deepvariant.gpu.10x.s43,ZY_Illumina_NA12878,illumina_novaseq6000,grch38,pbrun_deepvariant,gpu,10,43,23,220,2026-07-30
ZY_Illumina_NA12878.grch38.pbrun_fq2bam.pbrun_deepvariant.gpu.10x.s44,ZY_Illumina_NA12878,illumina_novaseq6000,grch38,pbrun_deepvariant,gpu,10,44,22,221,2026-07-30
ZY_Illumina_NA12878.grch38.pbrun_fq2bam.pbrun_haplotypecaller.gpu.10x.s42,ZY_Illumina_NA12878,illumina_novaseq6000,grch38,pbrun_haplotypecaller,gpu,10,42,96,294,2026-07-30
ZY_Illumina_NA12878.grch38.pbrun_fq2bam.pbrun_haplotypecaller.gpu.10x.s43,ZY_Illumina_NA12878,illumina_novaseq6000,grch38,pbrun_haplotypecaller,gpu,10,43,95,294,2026-07-30
ZY_Illumina_NA12878.grch38.pbrun_fq2bam.pbrun_haplotypecaller.gpu.10x.s44,ZY_Illumina_NA12878,illumina_novaseq6000,grch38,pbrun_haplotypecaller,gpu,10,44,96,294,2026-07-30
ZY_BGI_NA12878.grch38.pbrun_fq2bam.pbrun_deepvariant.gpu.100x.s42,ZY_BGI_NA12878,bgi_dnbseq_t7,grch38,pbrun_deepvariant,gpu,100,42,94,522,2026-07-30
ZY_BGI_NA12878.grch38.pbrun_fq2bam.pbrun_deepvariant.gpu.100x.s43,ZY_BGI_NA12878,bgi_dnbseq_t7,grch38,pbrun_deepvariant,gpu,100,43,95,524,2026-07-30
ZY_BGI_NA12878.grch38.pbrun_fq2bam.pbrun_deepvariant.gpu.100x.s44,ZY_BGI_NA12878,bgi_dnbseq_t7,grch38,pbrun_deepvariant,gpu,100,44,101,531,2026-07-30
ZY_BGI_NA12878.grch38.pbrun_fq2bam.pbrun_haplotypecaller.gpu.100x.s42,ZY_BGI_NA12878,bgi_dnbseq_t7,grch38,pbrun_haplotypecaller,gpu,100,42,115,492,2026-07-30
ZY_BGI_NA12878.grch38.pbrun_fq2bam.pbrun_haplotypecaller.gpu.100x.s43,ZY_BGI_NA12878,bgi_dnbseq_t7,grch38,pbrun_haplotypecaller,gpu,100,43,115,479,2026-07-30
ZY_BGI_NA12878.grch38.pbrun_fq2bam.pbrun_haplotypecaller.gpu.100x.s44,ZY_BGI_NA12878,bgi_dnbseq_t7,grch38,pbrun_haplotypecaller,gpu,100,44,114,471,2026-07-30
ZY_GeneMind_NA12878.grch38.pbrun_fq2bam.pbrun_deepvariant.gpu.100x.s42,ZY_GeneMind_NA12878,genemind_surfseq5000,grch38,pbrun_deepvariant,gpu,100,42,108,509,2026-07-30
ZY_GeneMind_NA12878.grch38.pbrun_fq2bam.pbrun_deepvariant.gpu.100x.s43,ZY_GeneMind_NA12878,genemind_surfseq5000,grch38,pbrun_deepvariant,gpu,100,43,114,523,2026-07-30
ZY_GeneMind_NA12878.grch38.pbrun_fq2bam.pbrun_deepvariant.gpu.100x.s44,ZY_GeneMind_NA12878,genemind_surfseq5000,grch38,pbrun_deepvariant,gpu,100,44,114,512,2026-07-30
ZY_GeneMind_NA12878.grch38.pbrun_fq2bam.pbrun_haplotypecaller.gpu.100x.s42,ZY_GeneMind_NA12878,genemind_surfseq5000,grch38,pbrun_haplotypecaller,gpu,100,42,105,486,2026-07-30
ZY_GeneMind_NA12878.grch38.pbrun_fq2bam.pbrun_haplotypecaller.gpu.100x.s43,ZY_GeneMind_NA12878,genemind_surfseq5000,grch38,pbrun_haplotypecaller,gpu,100,43,105,475,2026-07-30
ZY_GeneMind_NA12878.grch38.pbrun_fq2bam.pbrun_haplotypecaller.gpu.100x.s44,ZY_GeneMind_NA12878,genemind_surfseq5000,grch38,pbrun_haplotypecaller,gpu,100,44,106,475,2026-07-30
ZY_BGI_NA12878.grch38.bwa-mem.gatk4_hc.cpu.200x.s42,ZY_BGI_NA12878,bgi_dnbseq_t7,grch38,gatk4_hc,cpu,200,42,4943,10298,2026-07-30
ZY_Illumina_NA12878.grch38.pbrun_fq2bam.pbrun_deepvariant.gpu.100x.s42,ZY_Illumina_NA12878,illumina_novaseq6000,grch38,pbrun_deepvariant,gpu,100,42,76,471,2026-07-30
ZY_Illumina_NA12878.grch38.pbrun_fq2bam.pbrun_deepvariant.gpu.100x.s43,ZY_Illumina_NA12878,illumina_novaseq6000,grch38,pbrun_deepvariant,gpu,100,43,78,493,2026-07-30
ZY_Illumina_NA12878.grch38.pbrun_fq2bam.pbrun_deepvariant.gpu.100x.s44,ZY_Illumina_NA12878,illumina_novaseq6000,grch38,pbrun_deepvariant,gpu,100,44,77,504,2026-07-30
ZY_Illumina_NA12878.grch38.pbrun_fq2bam.pbrun_haplotypecaller.gpu.100x.s42,ZY_Illumina_NA12878,illumina_novaseq6000,grch38,pbrun_haplotypecaller,gpu,100,42,105,479,2026-07-30
ZY_Illumina_NA12878.grch38.pbrun_fq2bam.pbrun_haplotypecaller.gpu.100x.s43,ZY_Illumina_NA12878,illumina_novaseq6000,grch38,pbrun_haplotypecaller,gpu,100,43,105,463,2026-07-30
ZY_Illumina_NA12878.grch38.pbrun_fq2bam.pbrun_haplotypecaller.gpu.100x.s44,ZY_Illumina_NA12878,illumina_novaseq6000,grch38,pbrun_haplotypecaller,gpu,100,44,106,474,2026-07-30
ZY_BGI_NA12878.grch38.pbrun_fq2bam.pbrun_deepvariant.gpu.200x.s42,ZY_BGI_NA12878,bgi_dnbseq_t7,grch38,pbrun_deepvariant,gpu,200,42,201,857,2026-07-30
ZY_BGI_NA12878.grch38.pbrun_fq2bam.pbrun_deepvariant.gpu.200x.s43,ZY_BGI_NA12878,bgi_dnbseq_t7,grch38,pbrun_deepvariant,gpu,200,43,253,932,2026-07-30
ZY_BGI_NA12878.grch38.pbrun_fq2bam.pbrun_deepvariant.gpu.200x.s44,ZY_BGI_NA12878,bgi_dnbseq_t7,grch38,pbrun_deepvariant,gpu,200,44,214,873,2026-07-30
ZY_BGI_NA12878.grch38.pbrun_fq2bam.pbrun_haplotypecaller.gpu.200x.s42,ZY_BGI_NA12878,bgi_dnbseq_t7,grch38,pbrun_haplotypecaller,gpu,200,42,220,796,2026-07-30
ZY_BGI_NA12878.grch38.pbrun_fq2bam.pbrun_haplotypecaller.gpu.200x.s43,ZY_BGI_NA12878,bgi_dnbseq_t7,grch38,pbrun_haplotypecaller,gpu,200,43,196,724,2026-07-30
ZY_BGI_NA12878.grch38.pbrun_fq2bam.pbrun_haplotypecaller.gpu.200x.s44,ZY_BGI_NA12878,bgi_dnbseq_t7,grch38,pbrun_haplotypecaller,gpu,200,44,206,767,2026-07-30
ZY_BGI_NA12878.grch38.bwa-mem.deepvariant.cpu.200x.s44,ZY_BGI_NA12878,bgi_dnbseq_t7,grch38,deepvariant,cpu,200,44,735,7672,2026-07-30
ZY_GeneMind_NA12878.grch38.pbrun_fq2bam.pbrun_deepvariant.gpu.200x.s42,ZY_GeneMind_NA12878,genemind_surfseq5000,grch38,pbrun_deepvariant,gpu,200,42,229,2497,2026-07-30
ZY_GeneMind_NA12878.grch38.pbrun_fq2bam.pbrun_deepvariant.gpu.200x.s43,ZY_GeneMind_NA12878,genemind_surfseq5000,grch38,pbrun_deepvariant,gpu,200,43,216,2417,2026-07-30
ZY_GeneMind_NA12878.grch38.pbrun_fq2bam.pbrun_deepvariant.gpu.200x.s44,ZY_GeneMind_NA12878,genemind_surfseq5000,grch38,pbrun_deepvariant,gpu,200,44,210,2421,2026-07-30
ZY_GeneMind_NA12878.grch38.pbrun_fq2bam.pbrun_haplotypecaller.gpu.200x.s42,ZY_GeneMind_NA12878,genemind_surfseq5000,grch38,pbrun_haplotypecaller,gpu,200,42,175,682,2026-07-30
ZY_GeneMind_NA12878.grch38.pbrun_fq2bam.pbrun_haplotypecaller.gpu.200x.s43,ZY_GeneMind_NA12878,genemind_surfseq5000,grch38,pbrun_haplotypecaller,gpu,200,43,175,729,2026-07-30
ZY_GeneMind_NA12878.grch38.pbrun_fq2bam.pbrun_haplotypecaller.gpu.200x.s44,ZY_GeneMind_NA12878,genemind_surfseq5000,grch38,pbrun_haplotypecaller,gpu,200,44,176,736,2026-07-30
ZY_BGI_NA12878.grch38.bwa-mem.gatk4_hc.cpu.200x.s44,ZY_BGI_NA12878,bgi_dnbseq_t7,grch38,gatk4_hc,cpu,200,44,5078,10721,2026-07-30
ZY_Illumina_NA12878.grch38.pbrun_fq2bam.pbrun_deepvariant.gpu.200x.s42,ZY_Illumina_NA12878,illumina_novaseq6000,grch38,pbrun_deepvariant,gpu,200,42,155,2310,2026-07-30
ZY_Illumina_NA12878.grch38.pbrun_fq2bam.pbrun_deepvariant.gpu.200x.s43,ZY_Illumina_NA12878,illumina_novaseq6000,grch38,pbrun_deepvariant,gpu,200,43,152,2263,2026-07-30
ZY_Illumina_NA12878.grch38.pbrun_fq2bam.pbrun_deepvariant.gpu.200x.s44,ZY_Illumina_NA12878,illumina_novaseq6000,grch38,pbrun_deepvariant,gpu,200,44,200,2641,2026-07-30
ZY_Illumina_NA12878.grch38.pbrun_fq2bam.pbrun_haplotypecaller.gpu.200x.s42,ZY_Illumina_NA12878,illumina_novaseq6000,grch38,pbrun_haplotypecaller,gpu,200,42,196,825,2026-07-30
ZY_Illumina_NA12878.grch38.pbrun_fq2bam.pbrun_haplotypecaller.gpu.200x.s43,ZY_Illumina_NA12878,illumina_novaseq6000,grch38,pbrun_haplotypecaller,gpu,200,43,191,714,2026-07-30
ZY_Illumina_NA12878.grch38.pbrun_fq2bam.pbrun_haplotypecaller.gpu.200x.s44,ZY_Illumina_NA12878,illumina_novaseq6000,grch38,pbrun_haplotypecaller,gpu,200,44,197,726,2026-07-30
ZY_BGI_NA12878.grch38.bwa-mem.deepvariant.cpu.300x.s43,ZY_BGI_NA12878,bgi_dnbseq_t7,grch38,deepvariant,cpu,300,43,627,10077,2026-07-30
ZY_BGI_NA12878.grch38.bwa-mem.deepvariant.cpu.200x.s43,ZY_BGI_NA12878,bgi_dnbseq_t7,grch38,deepvariant,cpu,200,43,645,5528,2026-07-30
ZY_BGI_NA12878.grch38.bwa-mem.gatk4_hc.cpu.300x.s43,ZY_BGI_NA12878,bgi_dnbseq_t7,grch38,gatk4_hc,cpu,300,43,7651,16251,2026-07-30
ZY_BGI_NA12878.grch38.bwa-mem.gatk4_hc.cpu.200x.s43,ZY_BGI_NA12878,bgi_dnbseq_t7,grch38,gatk4_hc,cpu,200,43,4997,10370,2026-07-30
ZY_BGI_NA12878.grch38.bwa-mem.deepvariant.cpu.300x.s42,ZY_BGI_NA12878,bgi_dnbseq_t7,grch38,deepvariant,cpu,300,42,641,10410,2026-07-30
ZY_BGI_NA12878.grch38.bwa-mem.deepvariant.cpu.400x.s42,ZY_BGI_NA12878,bgi_dnbseq_t7,grch38,deepvariant,cpu,400,42,651,13426,2026-07-30
ZY_Illumina_NA12878.grch38.bwa-mem.deepvariant.cpu.400x.s44,ZY_Illumina_NA12878,illumina_novaseq6000,grch38,deepvariant,cpu,400,44,1484,18299,2026-07-31
ZY_Illumina_NA12878.grch38.bwa-mem.deepvariant.cpu.400x.s42,ZY_Illumina_NA12878,illumina_novaseq6000,grch38,deepvariant,cpu,400,42,1588,19105,2026-07-31
ZY_BGI_NA12878.grch38.bwa-mem.deepvariant.cpu.400x.s43,ZY_BGI_NA12878,bgi_dnbseq_t7,grch38,deepvariant,cpu,400,43,1606,19416,2026-07-31
ZY_BGI_NA12878.grch38.bwa-mem.deepvariant.cpu.400x.s44,ZY_BGI_NA12878,bgi_dnbseq_t7,grch38,deepvariant,cpu,400,44,1585,19670,2026-07-31
ZY_GeneMind_NA12878.grch38.bwa-mem.deepvariant.cpu.400x.s43,ZY_GeneMind_NA12878,genemind_surfseq5000,grch38,deepvariant,cpu,400,43,3332,22470,2026-07-31
ZY_BGI_NA12878.grch38.bwa-mem.gatk4_hc.cpu.400x.s42,ZY_BGI_NA12878,bgi_dnbseq_t7,grch38,gatk4_hc,cpu,400,42,10948,27489,2026-07-31
ZY_BGI_NA12878.grch38.bwa-mem.gatk4_hc.cpu.400x.s43,ZY_BGI_NA12878,bgi_dnbseq_t7,grch38,gatk4_hc,cpu,400,43,11351,21841,2026-07-31
ZY_BGI_NA12878.grch38.bwa-mem.gatk4_hc.cpu.400x.s44,ZY_BGI_NA12878,bgi_dnbseq_t7,grch38,gatk4_hc,cpu,400,44,11463,21919,2026-07-31
ZY_Illumina_NA12878.grch38.bwa-mem.gatk4_hc.cpu.400x.s44,ZY_Illumina_NA12878,illumina_novaseq6000,grch38,gatk4_hc,cpu,400,44,13328,23469,2026-07-31
ZY_Illumina_NA12878.grch38.bwa-mem.gatk4_hc.cpu.400x.s42,ZY_Illumina_NA12878,illumina_novaseq6000,grch38,gatk4_hc,cpu,400,42,13361,23545,2026-07-31
ZY_GeneMind_NA12878.grch38.bwa-mem.gatk4_hc.cpu.400x.s43,ZY_GeneMind_NA12878,genemind_surfseq5000,grch38,gatk4_hc,cpu,400,43,12684,23402,2026-07-31
ZY_GeneMind_NA12878.grch38.bwa-mem.deepvariant.cpu.400x.s42,ZY_GeneMind_NA12878,genemind_surfseq5000,grch38,deepvariant,cpu,400,42,3862,19711,2026-07-31
ZY_Illumina_NA12878.grch38.bwa-mem.deepvariant.cpu.300x.s43,ZY_Illumina_NA12878,illumina_novaseq6000,grch38,deepvariant,cpu,300,43,1699,14008,2026-07-31
ZY_GeneMind_NA12878.grch38.bwa-mem.deepvariant.cpu.300x.s44,ZY_GeneMind_NA12878,genemind_surfseq5000,grch38,deepvariant,cpu,300,44,3319,18249,2026-07-31
ZY_GeneMind_NA12878.grch38.bwa-mem.deepvariant.cpu.300x.s42,ZY_GeneMind_NA12878,genemind_surfseq5000,grch38,deepvariant,cpu,300,42,3245,17559,2026-07-31
ZY_Illumina_NA12878.grch38.bwa-mem.deepvariant.cpu.400x.s43,ZY_Illumina_NA12878,illumina_novaseq6000,grch38,deepvariant,cpu,400,43,1375,16909,2026-07-31
ZY_GeneMind_NA12878.grch38.bwa-mem.deepvariant.cpu.400x.s44,ZY_GeneMind_NA12878,genemind_surfseq5000,grch38,deepvariant,cpu,400,44,3339,21703,2026-07-31
ZY_GeneMind_NA12878.grch38.bwa-mem.gatk4_hc.cpu.400x.s42,ZY_GeneMind_NA12878,genemind_surfseq5000,grch38,gatk4_hc,cpu,400,42,11635,26713,2026-07-31
ZY_Illumina_NA12878.grch38.bwa-mem.gatk4_hc.cpu.300x.s43,ZY_Illumina_NA12878,illumina_novaseq6000,grch38,gatk4_hc,cpu,300,43,9111,18793,2026-07-31
ZY_GeneMind_NA12878.grch38.bwa-mem.gatk4_hc.cpu.300x.s44,ZY_GeneMind_NA12878,genemind_surfseq5000,grch38,gatk4_hc,cpu,300,44,8639,16964,2026-07-31
ZY_GeneMind_NA12878.grch38.bwa-mem.gatk4_hc.cpu.300x.s42,ZY_GeneMind_NA12878,genemind_surfseq5000,grch38,gatk4_hc,cpu,300,42,8662,17088,2026-07-31
ZY_Illumina_NA12878.grch38.bwa-mem.deepvariant.cpu.300x.s42,ZY_Illumina_NA12878,illumina_novaseq6000,grch38,deepvariant,cpu,300,42,1516,12718,2026-08-01
ZY_Illumina_NA12878.grch38.bwa-mem.gatk4_hc.cpu.400x.s43,ZY_Illumina_NA12878,illumina_novaseq6000,grch38,gatk4_hc,cpu,400,43,14789,24785,2026-08-01
ZY_GeneMind_NA12878.grch38.bwa-mem.gatk4_hc.cpu.400x.s44,ZY_GeneMind_NA12878,genemind_surfseq5000,grch38,gatk4_hc,cpu,400,44,13900,24615,2026-08-01
ZY_BGI_NA12878.grch38.bwa-mem.gatk4_hc.cpu.300x.s42,ZY_BGI_NA12878,bgi_dnbseq_t7,grch38,gatk4_hc,cpu,300,42,10269,11091,2026-08-01
ZY_GeneMind_NA12878.grch38.bwa-mem.deepvariant.cpu.300x.s43,ZY_GeneMind_NA12878,genemind_surfseq5000,grch38,deepvariant,cpu,300,43,3077,16177,2026-08-01
ZY_BGI_NA12878.grch38.bwa-mem.deepvariant.cpu.300x.s44,ZY_BGI_NA12878,bgi_dnbseq_t7,grch38,deepvariant,cpu,300,44,1618,13898,2026-08-01
ZY_Illumina_NA12878.grch38.bwa-mem.deepvariant.cpu.200x.s44,ZY_Illumina_NA12878,illumina_novaseq6000,grch38,deepvariant,cpu,200,44,919,7097,2026-08-01
ZY_GeneMind_NA12878.grch38.bwa-mem.deepvariant.cpu.200x.s43,ZY_GeneMind_NA12878,genemind_surfseq5000,grch38,deepvariant,cpu,200,43,2170,9848,2026-08-01
ZY_Illumina_NA12878.grch38.bwa-mem.deepvariant.cpu.300x.s44,ZY_Illumina_NA12878,illumina_novaseq6000,grch38,deepvariant,cpu,300,44,1182,12860,2026-08-01
ZY_Illumina_NA12878.grch38.bwa-mem.gatk4_hc.cpu.300x.s42,ZY_Illumina_NA12878,illumina_novaseq6000,grch38,gatk4_hc,cpu,300,42,9402,19698,2026-08-01
ZY_Illumina_NA12878.grch38.bwa-mem.gatk4_hc.cpu.200x.s44,ZY_Illumina_NA12878,illumina_novaseq6000,grch38,gatk4_hc,cpu,200,44,5925,12109,2026-08-01
ZY_GeneMind_NA12878.grch38.bwa-mem.gatk4_hc.cpu.200x.s43,ZY_GeneMind_NA12878,genemind_surfseq5000,grch38,gatk4_hc,cpu,200,43,5638,11635,2026-08-01
ZY_BGI_NA12878.grch38.bwa-mem.gatk4_hc.cpu.300x.s44,ZY_BGI_NA12878,bgi_dnbseq_t7,grch38,gatk4_hc,cpu,300,44,7791,18112,2026-08-01
ZY_GeneMind_NA12878.grch38.bwa-mem.gatk4_hc.cpu.300x.s43,ZY_GeneMind_NA12878,genemind_surfseq5000,grch38,gatk4_hc,cpu,300,43,8593,19082,2026-08-01
ZY_Illumina_NA12878.grch38.bwa-mem.deepvariant.cpu.200x.s43,ZY_Illumina_NA12878,illumina_novaseq6000,grch38,deepvariant,cpu,200,43,1201,6346,2026-08-01
ZY_Illumina_NA12878.grch38.bwa-mem.deepvariant.cpu.200x.s42,ZY_Illumina_NA12878,illumina_novaseq6000,grch38,deepvariant,cpu,200,42,897,6635,2026-08-01
ZY_GeneMind_NA12878.grch38.bwa-mem.deepvariant.cpu.200x.s44,ZY_GeneMind_NA12878,genemind_surfseq5000,grch38,deepvariant,cpu,200,44,1777,8046,2026-08-01
ZY_GeneMind_NA12878.grch38.bwa-mem.deepvariant.cpu.200x.s42,ZY_GeneMind_NA12878,genemind_surfseq5000,grch38,deepvariant,cpu,200,42,1823,8391,2026-08-01
ZY_Illumina_NA12878.grch38.bwa-mem.gatk4_hc.cpu.300x.s44,ZY_Illumina_NA12878,illumina_novaseq6000,grch38,gatk4_hc,cpu,300,44,10698,18494,2026-08-01
ZY_Illumina_NA12878.grch38.bwa-mem.gatk4_hc.cpu.200x.s43,ZY_Illumina_NA12878,illumina_novaseq6000,grch38,gatk4_hc,cpu,200,43,5900,11874,2026-08-01
ZY_Illumina_NA12878.grch38.bwa-mem.gatk4_hc.cpu.200x.s42,ZY_Illumina_NA12878,illumina_novaseq6000,grch38,gatk4_hc,cpu,200,42,5892,11427,2026-08-01
ZY_GeneMind_NA12878.grch38.bwa-mem.gatk4_hc.cpu.200x.s44,ZY_GeneMind_NA12878,genemind_surfseq5000,grch38,gatk4_hc,cpu,200,44,5349,11049,2026-08-01
ZY_GeneMind_NA12878.grch38.bwa-mem.gatk4_hc.cpu.200x.s42,ZY_GeneMind_NA12878,genemind_surfseq5000,grch38,gatk4_hc,cpu,200,42,5400,11110,2026-08-01
