pair,concordant_n,concordant_DP,concordant_GQ,concordant_QUAL,discordant_n,discordant_DP,discordant_GQ,discordant_QUAL,cpu_only_n,cpu_only_DP,cpu_only_GQ,cpu_only_QUAL,gpu_only_n,gpu_only_DP,gpu_only_GQ,gpu_only_QUAL
ZY_BGI_NA12878.grch38.deepvariant.100x.s42,56597.0,130.0,22.0,24.8,25.0,65.0,16.0,21.5,134.0,105.0,20.0,23.25,148.0,119.0,21.0,24.5
ZY_BGI_NA12878.grch38.deepvariant.100x.s43,56643.0,130.0,22.0,24.8,24.0,56.5,17.5,20.55,116.0,114.0,21.0,24.45,145.0,113.0,21.0,24.6
ZY_BGI_NA12878.grch38.deepvariant.100x.s44,56612.0,130.0,22.0,24.8,22.0,78.0,19.0,24.55,117.0,116.0,16.0,22.2,144.0,110.5,21.0,24.4
ZY_BGI_NA12878.grch38.deepvariant.10x.s42,52924.0,15.0,22.0,24.7,18.0,5.0,9.5,20.75,74.0,13.0,19.0,21.45,110.0,9.0,20.0,21.65
ZY_BGI_NA12878.grch38.deepvariant.10x.s43,53077.0,15.0,22.0,24.7,23.0,7.0,9.0,19.0,95.0,11.0,19.0,20.6,109.0,10.0,21.0,23.7
ZY_BGI_NA12878.grch38.deepvariant.10x.s44,52919.0,15.0,22.0,24.7,14.0,8.5,13.5,22.8,96.0,14.0,14.0,15.55,85.0,12.0,21.0,23.8
ZY_BGI_NA12878.grch38.deepvariant.15x.s42,54507.0,21.0,22.0,24.8,15.0,9.0,5.0,17.3,72.0,16.0,17.0,17.8,82.0,12.5,20.5,23.15
ZY_BGI_NA12878.grch38.deepvariant.15x.s43,54500.0,21.0,22.0,24.8,21.0,7.0,13.0,19.5,91.0,12.0,17.0,18.9,114.0,11.5,21.0,24.15
ZY_BGI_NA12878.grch38.deepvariant.15x.s44,54573.0,21.0,22.0,24.8,23.0,5.0,13.0,19.5,68.0,20.0,17.5,20.2,97.0,15.0,20.0,22.6
ZY_BGI_NA12878.grch38.deepvariant.200x.s42,56762.0,231.0,22.0,24.8,39.0,110.0,17.0,23.7,149.0,136.0,18.0,22.8,197.0,163.0,19.0,23.5
ZY_BGI_NA12878.grch38.deepvariant.200x.s43,56845.0,231.0,22.0,24.8,36.0,99.5,11.0,20.95,155.0,150.0,17.0,22.5,195.0,141.0,18.0,24.0
ZY_BGI_NA12878.grch38.deepvariant.200x.s44,56837.0,231.0,22.0,24.8,43.0,126.0,13.0,20.2,164.0,147.0,17.0,22.25,195.0,161.0,19.0,23.0
ZY_BGI_NA12878.grch38.deepvariant.30x.s42,55697.0,41.0,22.0,24.8,12.0,9.5,9.5,19.3,76.0,36.0,18.0,20.0,82.0,30.5,17.5,19.85
ZY_BGI_NA12878.grch38.deepvariant.30x.s43,55676.0,41.0,22.0,24.8,17.0,30.0,15.0,20.4,85.0,38.0,19.0,20.9,102.0,30.0,21.0,24.15
ZY_BGI_NA12878.grch38.deepvariant.30x.s44,55785.0,41.0,22.0,24.8,17.0,8.0,9.0,16.4,68.0,27.0,15.0,16.5,93.0,28.0,20.0,22.9
ZY_BGI_NA12878.grch38.deepvariant.50x.s42,56235.0,67.0,22.0,24.8,22.0,45.5,17.5,21.6,86.0,87.5,20.0,22.8,103.0,58.0,19.0,23.9
ZY_BGI_NA12878.grch38.deepvariant.50x.s43,56176.0,67.0,22.0,24.8,12.0,45.5,14.5,20.3,70.0,53.0,21.0,24.3,135.0,58.0,21.0,24.1
ZY_BGI_NA12878.grch38.deepvariant.50x.s44,56225.0,67.0,22.0,24.8,17.0,53.0,17.0,22.2,78.0,74.5,20.0,23.35,108.0,81.5,20.0,22.55
ZY_BGI_NA12878.grch38.deepvariant.5x.s42,46839.0,9.0,22.0,24.6,29.0,4.0,14.0,21.0,88.0,8.0,15.5,17.1,111.0,7.0,21.0,24.0
ZY_BGI_NA12878.grch38.deepvariant.5x.s43,46532.0,9.0,22.0,24.6,27.0,4.0,15.0,21.2,76.0,10.0,20.0,22.25,133.0,6.0,21.0,24.3
ZY_BGI_NA12878.grch38.deepvariant.5x.s44,46662.0,9.0,22.0,24.7,22.0,4.5,15.0,22.2,92.0,10.0,21.0,23.7,147.0,9.0,20.0,23.3
ZY_BGI_NA12878.grch38.deepvariant.full.s0,57149.0,469.0,22.0,24.8,48.0,194.5,13.5,21.65,172.0,225.5,16.0,20.55,217.0,220.0,18.0,23.2
ZY_BGI_NA12878.grch38.gatk4_hc.100x.s42,60766.0,125.0,99.0,2180.64,8.0,17.0,6.0,365.41,68.0,60.0,99.0,224.62,84.0,54.0,78.0,305.52
ZY_BGI_NA12878.grch38.gatk4_hc.100x.s43,60879.0,124.0,99.0,2182.64,3.0,63.0,50.0,1467.02,72.0,97.0,99.0,420.55,67.0,68.0,99.0,460.64
ZY_BGI_NA12878.grch38.gatk4_hc.100x.s44,60832.0,124.0,99.0,2179.64,1.0,214.0,3.0,5843.85,49.0,105.0,99.0,185.64,90.0,89.5,99.0,255.81
ZY_BGI_NA12878.grch38.gatk4_hc.10x.s42,50800.0,15.0,88.0,265.64,4.0,2.5,7.5,90.58,44.0,10.0,42.5,50.14,56.0,14.0,57.0,54.12
ZY_BGI_NA12878.grch38.gatk4_hc.10x.s43,50721.0,15.0,87.0,265.64,5.0,8.0,9.0,206.99,48.0,12.0,39.0,49.8,41.0,7.0,49.0,49.6
ZY_BGI_NA12878.grch38.gatk4_hc.10x.s44,50626.0,15.0,87.0,266.64,5.0,3.0,6.0,121.8,51.0,14.0,42.0,82.25,54.0,10.5,59.5,52.34
ZY_BGI_NA12878.grch38.gatk4_hc.15x.s42,54159.0,21.0,99.0,373.64,6.0,4.0,10.0,107.72,48.0,12.0,54.0,57.14,38.0,17.0,82.5,76.6
ZY_BGI_NA12878.grch38.gatk4_hc.15x.s43,53952.0,21.0,99.0,376.06,5.0,4.0,14.0,159.1,47.0,11.0,38.0,35.48,27.0,5.0,14.0,70.32
ZY_BGI_NA12878.grch38.gatk4_hc.15x.s44,54061.0,22.0,99.0,376.64,7.0,2.0,6.0,78.32,44.0,19.0,51.0,58.62,41.0,20.0,50.0,43.64
ZY_BGI_NA12878.grch38.gatk4_hc.200x.s42,61672.0,236.0,99.0,4132.64,4.0,21.0,60.0,714.07,77.0,181.0,99.0,359.64,66.0,62.5,99.0,881.33
ZY_BGI_NA12878.grch38.gatk4_hc.200x.s43,61707.0,236.0,99.0,4137.64,4.0,77.0,38.0,1685.79,90.0,177.0,99.0,200.64,65.0,97.0,99.0,391.05
ZY_BGI_NA12878.grch38.gatk4_hc.200x.s44,61843.0,235.0,99.0,4118.64,3.0,5.0,20.0,190.96,73.0,193.0,99.0,385.64,76.0,111.5,99.0,610.14
ZY_BGI_NA12878.grch38.gatk4_hc.30x.s42,57857.0,40.0,99.0,701.64,6.0,9.5,26.0,251.01,52.0,31.0,63.0,96.12,56.0,37.0,59.0,56.62
ZY_BGI_NA12878.grch38.gatk4_hc.30x.s43,57750.0,40.0,99.0,706.06,3.0,13.0,30.0,414.06,48.0,20.0,54.0,105.12,38.0,28.0,93.5,80.14
ZY_BGI_NA12878.grch38.gatk4_hc.30x.s44,57777.0,40.0,99.0,704.06,4.0,7.0,19.5,162.06,54.0,19.0,61.0,66.62,52.0,37.5,70.0,60.62
ZY_BGI_NA12878.grch38.gatk4_hc.50x.s42,59554.0,65.0,99.0,1130.64,2.0,3.0,25.5,102.37,45.0,25.0,78.0,123.6,76.0,45.5,94.0,129.64
ZY_BGI_NA12878.grch38.gatk4_hc.50x.s43,59515.0,65.0,99.0,1132.6,2.0,27.0,80.5,617.02,51.0,34.0,99.0,152.6,48.0,47.0,96.5,91.62
ZY_BGI_NA12878.grch38.gatk4_hc.50x.s44,59443.0,65.0,99.0,1134.64,6.0,110.5,66.5,2637.01,46.0,45.5,96.0,109.64,49.0,91.0,99.0,372.64
ZY_BGI_NA12878.grch38.gatk4_hc.5x.s42,41977.0,9.0,48.0,157.96,13.0,5.0,6.0,103.06,41.0,6.0,38.0,41.64,72.0,5.0,46.0,63.48
ZY_BGI_NA12878.grch38.gatk4_hc.5x.s43,41803.0,9.0,47.0,158.64,11.0,3.0,6.0,94.98,51.0,6.0,38.0,37.64,64.0,5.0,38.0,37.32
ZY_BGI_NA12878.grch38.gatk4_hc.5x.s44,41790.0,9.0,47.0,158.02,15.0,4.0,6.0,105.44,39.0,4.0,36.0,35.32,42.0,5.0,38.0,40.12
ZY_BGI_NA12878.grch38.gatk4_hc.full.s0,62732.0,705.0,99.0,12311.6,9.0,104.0,99.0,2547.02,90.0,319.0,99.0,322.14,108.0,390.0,99.0,404.14
ZY_GeneMind_NA12878.grch38.deepvariant.100x.s42,57148.0,152.0,22.0,24.8,23.0,73.0,14.0,19.6,80.0,119.5,18.5,21.3,85.0,70.0,15.0,18.3
ZY_GeneMind_NA12878.grch38.deepvariant.100x.s43,57154.0,153.0,22.0,24.8,25.0,139.0,15.0,20.1,83.0,101.0,17.0,19.9,98.0,121.5,17.5,19.95
ZY_GeneMind_NA12878.grch38.deepvariant.100x.s44,57171.0,152.0,22.0,24.8,21.0,33.0,14.0,21.1,80.0,92.0,16.0,18.25,77.0,109.0,17.0,19.9
ZY_GeneMind_NA12878.grch38.deepvariant.10x.s42,53094.0,17.0,22.0,24.7,36.0,4.5,15.0,22.25,65.0,11.0,18.0,21.6,98.0,10.5,21.0,24.15
ZY_GeneMind_NA12878.grch38.deepvariant.10x.s43,53186.0,17.0,22.0,24.7,30.0,4.5,16.0,22.05,86.0,11.0,17.0,19.5,127.0,13.0,21.0,24.3
ZY_GeneMind_NA12878.grch38.deepvariant.10x.s44,53051.0,17.0,22.0,24.7,25.0,6.0,18.0,23.1,63.0,9.0,17.0,22.0,105.0,10.0,20.0,23.3
ZY_GeneMind_NA12878.grch38.deepvariant.15x.s42,54961.0,25.0,22.0,24.8,26.0,6.0,15.0,20.65,54.0,11.5,18.0,20.0,77.0,10.0,20.0,24.2
ZY_GeneMind_NA12878.grch38.deepvariant.15x.s43,54938.0,25.0,22.0,24.8,17.0,6.0,16.0,20.5,61.0,20.0,17.0,18.5,75.0,17.0,15.0,20.6
ZY_GeneMind_NA12878.grch38.deepvariant.15x.s44,54911.0,25.0,22.0,24.8,24.0,8.0,17.5,22.15,65.0,10.0,19.0,22.0,86.0,10.5,20.0,22.75
ZY_GeneMind_NA12878.grch38.deepvariant.200x.s42,57328.0,267.0,22.0,24.8,23.0,176.0,17.0,21.4,92.0,191.0,16.0,18.45,75.0,174.0,16.0,20.3
ZY_GeneMind_NA12878.grch38.deepvariant.200x.s43,57350.0,267.0,22.0,24.8,26.0,187.0,12.5,20.35,103.0,177.0,18.0,19.5,102.0,154.0,15.0,17.45
ZY_GeneMind_NA12878.grch38.deepvariant.200x.s44,57340.0,267.0,22.0,24.8,31.0,128.0,13.0,18.4,101.0,188.0,18.0,21.1,100.0,146.5,17.0,19.2
ZY_GeneMind_NA12878.grch38.deepvariant.30x.s42,56339.0,48.0,22.0,24.8,18.0,9.5,20.0,24.65,74.0,30.5,17.5,22.25,68.0,35.5,15.5,17.55
ZY_GeneMind_NA12878.grch38.deepvariant.30x.s43,56357.0,49.0,22.0,24.8,19.0,20.0,8.0,18.6,67.0,33.0,14.0,18.4,78.0,24.0,14.5,17.4
ZY_GeneMind_NA12878.grch38.deepvariant.30x.s44,56313.0,49.0,22.0,24.8,16.0,23.5,10.5,18.0,60.0,26.0,20.0,22.9,77.0,25.0,20.0,21.9
ZY_GeneMind_NA12878.grch38.deepvariant.50x.s42,56750.0,80.0,22.0,24.8,13.0,34.0,19.0,22.3,52.0,38.0,15.0,19.35,66.0,35.0,15.5,17.55
ZY_GeneMind_NA12878.grch38.deepvariant.50x.s43,56821.0,80.0,22.0,24.8,15.0,27.0,10.0,19.2,71.0,59.0,20.0,22.6,94.0,77.5,16.0,18.9
ZY_GeneMind_NA12878.grch38.deepvariant.50x.s44,56716.0,80.0,22.0,24.8,14.0,19.5,11.0,18.4,103.0,99.0,19.0,22.1,87.0,91.0,18.0,21.5
ZY_GeneMind_NA12878.grch38.deepvariant.5x.s42,46680.0,9.0,22.0,24.7,77.0,4.0,14.0,21.2,107.0,7.0,18.0,20.6,137.0,6.0,21.0,24.2
ZY_GeneMind_NA12878.grch38.deepvariant.5x.s43,46604.0,9.0,22.0,24.7,63.0,4.0,16.0,22.1,113.0,7.0,18.0,20.7,137.0,6.0,21.0,23.9
ZY_GeneMind_NA12878.grch38.deepvariant.5x.s44,46493.0,9.0,22.0,24.7,66.0,5.0,14.0,21.65,102.0,8.0,19.0,21.55,117.0,7.0,19.0,22.1
ZY_GeneMind_NA12878.grch38.deepvariant.full.s0,57544.0,520.0,22.0,24.8,24.0,230.0,18.0,22.5,152.0,319.5,17.0,19.4,144.0,230.5,19.0,21.25
ZY_GeneMind_NA12878.grch38.gatk4_hc.100x.s42,61186.0,149.0,99.0,2476.62,9.0,28.0,73.0,559.97,120.0,41.0,99.0,165.62,98.0,61.0,99.0,494.04
ZY_GeneMind_NA12878.grch38.gatk4_hc.100x.s43,61064.0,149.0,99.0,2473.64,11.0,123.0,61.0,4885.01,117.0,51.0,99.0,151.64,110.0,43.0,98.0,209.64
ZY_GeneMind_NA12878.grch38.gatk4_hc.100x.s44,61118.0,149.0,99.0,2479.64,19.0,29.0,35.0,727.06,145.0,82.0,99.0,171.6,144.0,57.0,99.0,278.52
ZY_GeneMind_NA12878.grch38.gatk4_hc.10x.s42,54811.0,17.0,96.0,286.64,15.0,10.0,13.0,302.03,162.0,14.0,42.5,50.12,124.0,9.0,47.0,78.32
ZY_GeneMind_NA12878.grch38.gatk4_hc.10x.s43,54793.0,17.0,96.0,287.64,24.0,8.0,14.5,153.31,121.0,13.0,40.0,58.71,113.0,7.0,48.0,66.84
ZY_GeneMind_NA12878.grch38.gatk4_hc.10x.s44,54890.0,17.0,96.0,287.64,16.0,8.0,4.0,192.31,131.0,14.0,41.0,47.64,119.0,9.0,57.0,64.64
ZY_GeneMind_NA12878.grch38.gatk4_hc.15x.s42,57310.0,24.0,99.0,413.64,14.0,12.0,13.0,267.31,172.0,14.0,45.5,58.14,122.0,9.0,49.0,101.81
ZY_GeneMind_NA12878.grch38.gatk4_hc.15x.s43,57179.0,25.0,99.0,414.64,19.0,14.0,32.0,274.03,160.0,16.0,55.0,68.58,124.0,11.0,44.0,81.12
ZY_GeneMind_NA12878.grch38.gatk4_hc.15x.s44,57226.0,24.0,99.0,414.64,14.0,6.5,11.0,180.51,115.0,15.0,46.0,52.64,88.0,8.0,50.0,58.1
ZY_GeneMind_NA12878.grch38.gatk4_hc.200x.s42,61714.0,278.0,99.0,4607.64,8.0,33.0,56.0,1191.49,127.0,191.0,99.0,161.64,90.0,80.5,99.0,1064.54
ZY_GeneMind_NA12878.grch38.gatk4_hc.200x.s43,61661.0,278.0,99.0,4598.64,12.0,155.5,67.5,4563.02,130.0,137.5,99.0,212.64,113.0,178.0,99.0,709.64
ZY_GeneMind_NA12878.grch38.gatk4_hc.200x.s44,61598.0,278.0,99.0,4618.12,14.0,73.5,95.0,1746.52,139.0,110.0,99.0,146.64,160.0,188.5,99.0,486.81
ZY_GeneMind_NA12878.grch38.gatk4_hc.30x.s42,59493.0,47.0,99.0,795.64,12.0,11.0,9.0,266.01,126.0,27.0,74.5,103.14,154.0,17.0,63.0,167.37
ZY_GeneMind_NA12878.grch38.gatk4_hc.30x.s43,59551.0,48.0,99.0,796.6,10.0,7.5,17.5,165.56,125.0,27.0,63.0,69.94,162.0,16.0,63.0,105.6
ZY_GeneMind_NA12878.grch38.gatk4_hc.30x.s44,59462.0,47.0,99.0,796.6,13.0,8.0,18.0,195.96,133.0,31.0,58.0,88.64,129.0,14.0,62.0,121.84
ZY_GeneMind_NA12878.grch38.gatk4_hc.50x.s42,60390.0,77.0,99.0,1293.64,15.0,14.0,15.0,493.86,150.0,28.0,99.0,138.31,125.0,26.0,74.0,186.02
ZY_GeneMind_NA12878.grch38.gatk4_hc.50x.s43,60299.0,78.0,99.0,1293.06,12.0,26.5,24.5,830.99,129.0,42.0,91.0,94.64,150.0,29.0,72.0,140.64
ZY_GeneMind_NA12878.grch38.gatk4_hc.50x.s44,60307.0,77.0,99.0,1301.64,10.0,8.0,23.5,206.0,117.0,38.0,63.0,106.64,127.0,16.0,67.0,108.02
ZY_GeneMind_NA12878.grch38.gatk4_hc.5x.s42,47200.0,9.0,51.0,164.96,21.0,13.0,2.0,329.06,102.0,9.0,39.0,40.6,132.0,5.0,24.0,59.96
ZY_GeneMind_NA12878.grch38.gatk4_hc.5x.s43,47048.0,9.0,51.0,164.64,22.0,5.0,21.5,123.12,151.0,7.0,39.0,59.8,115.0,4.0,34.0,54.32
ZY_GeneMind_NA12878.grch38.gatk4_hc.5x.s44,46992.0,9.0,51.0,165.96,11.0,6.0,8.0,89.84,124.0,7.5,39.0,37.64,122.0,5.0,45.5,67.64
ZY_GeneMind_NA12878.grch38.gatk4_hc.full.s0,62051.0,722.0,99.0,11931.1,16.0,131.0,43.5,3146.53,198.0,414.0,99.0,471.12,165.0,239.0,99.0,1258.02
ZY_Illumina_NA12878.grch38.deepvariant.100x.s42,56472.0,132.0,22.0,24.8,11.0,32.0,11.0,20.0,88.0,120.0,14.0,16.3,89.0,122.0,17.0,18.9
ZY_Illumina_NA12878.grch38.deepvariant.100x.s43,56543.0,132.0,22.0,24.8,14.0,48.5,15.5,22.05,68.0,139.0,16.5,18.95,94.0,122.0,14.0,15.2
ZY_Illumina_NA12878.grch38.deepvariant.100x.s44,56428.0,132.0,22.0,24.8,24.0,45.5,12.0,20.95,89.0,123.0,17.0,19.8,83.0,151.0,18.0,19.4
ZY_Illumina_NA12878.grch38.deepvariant.10x.s42,49824.0,16.0,22.0,24.7,24.0,4.0,12.5,22.0,43.0,16.0,18.0,21.9,64.0,9.0,21.0,23.55
ZY_Illumina_NA12878.grch38.deepvariant.10x.s43,49974.0,16.0,22.0,24.7,10.0,8.0,9.0,19.55,50.0,11.5,21.0,24.3,57.0,9.0,21.0,24.5
ZY_Illumina_NA12878.grch38.deepvariant.10x.s44,50079.0,16.0,22.0,24.7,16.0,5.0,11.5,22.1,48.0,10.5,21.0,24.3,75.0,10.0,21.0,24.4
ZY_Illumina_NA12878.grch38.deepvariant.15x.s42,52426.0,23.0,22.0,24.8,16.0,5.0,16.0,22.0,45.0,14.0,21.0,24.0,70.0,14.0,21.0,23.2
ZY_Illumina_NA12878.grch38.deepvariant.15x.s43,52480.0,23.0,22.0,24.8,17.0,5.0,12.0,19.9,52.0,25.0,13.0,14.2,67.0,15.0,21.0,24.2
ZY_Illumina_NA12878.grch38.deepvariant.15x.s44,52476.0,23.0,22.0,24.8,19.0,11.0,14.0,20.9,58.0,15.5,16.5,20.75,70.0,11.5,21.0,24.3
ZY_Illumina_NA12878.grch38.deepvariant.200x.s42,56870.0,229.0,22.0,24.8,23.0,103.0,16.0,20.8,115.0,166.0,13.0,15.5,90.0,232.0,16.0,17.3
ZY_Illumina_NA12878.grch38.deepvariant.200x.s43,56882.0,229.0,22.0,24.8,19.0,115.0,7.0,15.2,124.0,174.5,13.0,15.35,117.0,193.0,16.0,18.1
ZY_Illumina_NA12878.grch38.deepvariant.200x.s44,56865.0,229.0,22.0,24.8,25.0,147.0,14.0,20.3,117.0,176.0,15.0,17.0,108.0,211.5,18.0,21.0
ZY_Illumina_NA12878.grch38.deepvariant.30x.s1,54871.0,43.0,22.0,24.8,15.0,6.0,8.0,18.9,74.0,31.0,20.0,22.35,52.0,31.5,16.0,16.9
ZY_Illumina_NA12878.grch38.deepvariant.30x.s42,54877.0,43.0,22.0,24.8,17.0,20.0,9.0,15.7,65.0,25.0,13.0,14.1,65.0,21.0,19.0,23.8
ZY_Illumina_NA12878.grch38.deepvariant.30x.s43,54801.0,43.0,22.0,24.8,11.0,9.0,10.0,19.4,56.0,41.5,17.0,18.9,60.0,23.0,16.5,18.7
ZY_Illumina_NA12878.grch38.deepvariant.30x.s44,54910.0,43.0,22.0,24.8,16.0,11.0,15.0,21.75,48.0,30.5,18.0,20.0,50.0,17.0,17.0,21.6
ZY_Illumina_NA12878.grch38.deepvariant.50x.s42,55682.0,70.0,22.0,24.8,16.0,41.0,7.5,19.55,76.0,48.5,13.0,13.75,91.0,38.0,14.0,16.6
ZY_Illumina_NA12878.grch38.deepvariant.50x.s43,55791.0,70.0,22.0,24.8,15.0,33.0,20.0,23.5,79.0,94.0,16.0,17.1,76.0,57.0,14.0,15.45
ZY_Illumina_NA12878.grch38.deepvariant.50x.s44,55782.0,70.0,22.0,24.8,14.0,24.5,19.5,24.1,68.0,40.0,18.0,20.9,57.0,66.0,18.0,20.7
ZY_Illumina_NA12878.grch38.deepvariant.5x.s42,42774.0,9.0,22.0,24.7,16.0,5.0,10.0,19.9,74.0,7.0,18.0,19.95,79.0,6.0,21.0,23.8
ZY_Illumina_NA12878.grch38.deepvariant.5x.s43,43019.0,9.0,22.0,24.7,26.0,5.5,10.5,20.05,86.0,9.0,21.0,24.5,95.0,9.0,22.0,24.6
ZY_Illumina_NA12878.grch38.deepvariant.5x.s44,42969.0,9.0,22.0,24.7,23.0,5.0,7.0,19.2,55.0,10.0,21.0,24.4,63.0,6.0,21.0,24.4
ZY_Illumina_NA12878.grch38.deepvariant.full.s0,57214.0,421.0,22.0,24.8,28.0,337.0,17.0,22.8,132.0,286.0,17.0,18.85,142.0,352.5,17.5,19.85
ZY_Illumina_NA12878.grch38.gatk4_hc.100x.s42,60204.0,128.0,99.0,2259.05,16.0,26.0,36.5,958.02,149.0,66.0,99.0,190.6,216.0,72.0,99.0,156.62
ZY_Illumina_NA12878.grch38.gatk4_hc.100x.s43,60211.0,128.0,99.0,2258.64,19.0,12.0,36.0,308.01,125.0,60.0,73.0,96.64,161.0,69.0,99.0,124.63
ZY_Illumina_NA12878.grch38.gatk4_hc.100x.s44,60153.0,128.0,99.0,2256.64,15.0,9.0,12.0,197.64,119.0,38.0,84.0,118.02,197.0,69.0,87.0,145.64
ZY_Illumina_NA12878.grch38.gatk4_hc.10x.s42,50844.0,16.0,94.0,288.64,11.0,4.0,15.0,103.64,73.0,13.0,39.0,65.32,190.0,7.0,44.0,68.98
ZY_Illumina_NA12878.grch38.gatk4_hc.10x.s43,51047.0,16.0,96.0,287.64,13.0,3.0,9.0,110.84,91.0,10.0,40.0,61.64,128.0,7.0,45.0,56.12
ZY_Illumina_NA12878.grch38.gatk4_hc.10x.s44,51071.0,16.0,95.0,285.64,15.0,5.0,6.0,111.92,74.0,11.0,42.0,61.64,187.0,8.0,52.0,67.64
ZY_Illumina_NA12878.grch38.gatk4_hc.15x.s42,53892.0,23.0,99.0,404.64,10.0,5.0,4.0,158.04,65.0,14.0,45.0,65.64,163.0,9.0,57.0,78.32
ZY_Illumina_NA12878.grch38.gatk4_hc.15x.s43,54019.0,23.0,99.0,403.64,30.0,6.0,13.0,207.83,75.0,14.0,51.0,74.32,119.0,10.0,51.0,58.64
ZY_Illumina_NA12878.grch38.gatk4_hc.15x.s44,54093.0,22.0,99.0,402.64,7.0,6.0,6.0,139.93,77.0,14.0,45.0,60.64,150.0,9.5,48.0,58.64
ZY_Illumina_NA12878.grch38.gatk4_hc.200x.s42,61004.0,236.0,99.0,4150.35,9.0,43.0,30.0,881.02,116.0,161.0,98.0,113.62,137.0,162.0,99.0,520.64
ZY_Illumina_NA12878.grch38.gatk4_hc.200x.s43,61108.0,237.0,99.0,4149.14,9.0,31.0,50.0,547.77,87.0,78.0,99.0,169.87,100.0,109.0,99.0,236.62
ZY_Illumina_NA12878.grch38.gatk4_hc.200x.s44,61135.0,236.0,99.0,4138.06,11.0,23.0,35.0,536.02,90.0,115.5,99.0,266.64,103.0,119.0,99.0,353.64
ZY_Illumina_NA12878.grch38.gatk4_hc.30x.s1,57359.0,42.0,99.0,748.64,18.0,8.0,15.0,198.63,110.0,19.0,58.5,94.12,189.0,21.0,57.0,93.6
ZY_Illumina_NA12878.grch38.gatk4_hc.30x.s42,57360.0,42.0,99.0,747.85,17.0,9.0,33.0,262.97,81.0,14.0,56.0,63.64,205.0,17.0,70.0,102.6
ZY_Illumina_NA12878.grch38.gatk4_hc.30x.s43,57337.0,42.0,99.0,752.06,12.0,9.5,15.0,261.89,112.0,22.0,51.0,66.12,165.0,26.0,69.0,114.6
ZY_Illumina_NA12878.grch38.gatk4_hc.30x.s44,57384.0,42.0,99.0,753.06,7.0,10.0,9.0,221.86,87.0,21.0,57.0,78.28,149.0,12.0,48.0,78.32
ZY_Illumina_NA12878.grch38.gatk4_hc.50x.s42,58828.0,67.0,99.0,1195.64,7.0,23.0,35.0,489.02,123.0,35.0,70.0,100.0,170.0,36.0,84.0,125.12
ZY_Illumina_NA12878.grch38.gatk4_hc.50x.s43,58891.0,68.0,99.0,1198.6,16.0,6.5,34.5,195.56,110.0,28.0,67.5,84.12,200.0,34.0,70.5,88.64
ZY_Illumina_NA12878.grch38.gatk4_hc.50x.s44,58907.0,68.0,99.0,1195.64,12.0,13.5,47.5,431.04,118.0,27.5,71.5,98.1,199.0,41.0,87.0,107.64
ZY_Illumina_NA12878.grch38.gatk4_hc.5x.s42,42900.0,9.0,54.0,168.64,8.0,6.0,6.5,169.23,46.0,5.0,32.0,46.64,157.0,5.0,40.0,59.32
ZY_Illumina_NA12878.grch38.gatk4_hc.5x.s43,43280.0,9.0,54.0,170.04,7.0,7.0,21.0,196.64,82.0,6.0,38.0,35.44,98.0,4.0,34.5,49.98
ZY_Illumina_NA12878.grch38.gatk4_hc.5x.s44,43156.0,9.0,54.0,168.64,14.0,5.0,13.0,98.3,61.0,5.0,38.0,56.64,193.0,6.0,37.0,69.97
ZY_Illumina_NA12878.grch38.gatk4_hc.full.s0,61923.0,574.0,99.0,10040.1,8.0,19.5,40.0,887.52,158.0,229.0,99.0,297.64,132.0,273.5,99.0,667.62
